"internet_access","exam_score"
"Yes",67
"Yes",61
"Yes",74
"Yes",71
"Yes",70
"Yes",71
"Yes",67
"Yes",66
"Yes",69
"Yes",72
"No",68
"Yes",71
"Yes",70
"Yes",66
"Yes",65
"Yes",64
"Yes",60
"Yes",65
"Yes",67
"Yes",66
"Yes",69
"Yes",72
"Yes",66
"Yes",66
"Yes",63
"Yes",64
"Yes",65
"Yes",71
"Yes",66
"Yes",64
"Yes",63
"Yes",69
"Yes",67
"Yes",61
"Yes",68
"Yes",61
"Yes",64
"Yes",67
"Yes",63
"Yes",64
"Yes",67
"Yes",65
"Yes",64
"Yes",70
"Yes",68
"Yes",65
"Yes",68
"Yes",64
"Yes",68
"Yes",63
"Yes",64
"Yes",64
"Yes",67
"Yes",67
"Yes",66
"Yes",72
"No",65
"Yes",71
"Yes",66
"Yes",68
"Yes",70
"Yes",62
"Yes",68
"Yes",67
"No",71
"Yes",68
"Yes",69
"Yes",70
"No",69
"Yes",65
"No",70
"Yes",71
"Yes",65
"Yes",72
"Yes",69
"Yes",66
"Yes",68
"Yes",65
"Yes",64
"Yes",60
"Yes",65
"Yes",66
"Yes",74
"Yes",62
"Yes",70
"Yes",69
"Yes",67
"Yes",64
"Yes",71
"Yes",68
"Yes",64
"Yes",63
"Yes",71
"Yes",69
"Yes",100
"Yes",68
"No",62
"Yes",68
"Yes",66
"Yes",64
"Yes",67
"Yes",65
"Yes",65
"Yes",69
"Yes",63
"Yes",72
"Yes",76
"Yes",69
"Yes",67
"Yes",69
"Yes",63
"Yes",67
"Yes",66
"Yes",79
"Yes",64
"Yes",73
"Yes",63
"Yes",65
"Yes",73
"Yes",70
"Yes",68
"Yes",65
"Yes",71
"Yes",64
"Yes",68
"Yes",69
"Yes",69
"Yes",69
"Yes",67
"Yes",68
"Yes",64
"Yes",66
"Yes",63
"Yes",66
"Yes",66
"Yes",67
"Yes",65
"Yes",68
"Yes",68
"Yes",65
"Yes",71
"Yes",65
"Yes",64
"Yes",72
"Yes",65
"No",66
"Yes",61
"Yes",68
"Yes",69
"Yes",72
"Yes",71
"Yes",70
"Yes",68
"Yes",67
"Yes",68
"Yes",68
"Yes",72
"Yes",65
"Yes",66
"Yes",65
"Yes",67
"Yes",66
"Yes",69
"Yes",66
"Yes",69
"No",67
"Yes",66
"Yes",71
"Yes",70
"Yes",71
"Yes",66
"No",67
"Yes",66
"Yes",72
"Yes",68
"No",69
"Yes",71
"No",70
"Yes",67
"Yes",69
"Yes",65
"Yes",65
"Yes",64
"Yes",63
"Yes",69
"Yes",64
"Yes",72
"Yes",63
"Yes",64
"Yes",64
"Yes",67
"Yes",71
"Yes",70
"Yes",61
"Yes",67
"Yes",72
"Yes",66
"Yes",70
"No",67
"Yes",67
"Yes",71
"Yes",66
"Yes",68
"Yes",74
"No",64
"Yes",65
"Yes",66
"Yes",66
"Yes",68
"Yes",78
"Yes",67
"Yes",74
"Yes",74
"Yes",62
"No",66
"Yes",69
"Yes",68
"Yes",89
"No",66
"No",68
"Yes",69
"No",67
"Yes",75
"Yes",60
"Yes",66
"Yes",73
"Yes",68
"Yes",62
"Yes",62
"Yes",65
"Yes",69
"Yes",64
"Yes",67
"Yes",70
"Yes",70
"Yes",69
"Yes",61
"Yes",69
"Yes",63
"Yes",67
"Yes",65
"Yes",66
"Yes",63
"Yes",68
"Yes",65
"Yes",67
"Yes",68
"Yes",64
"Yes",71
"Yes",69
"Yes",67
"Yes",65
"Yes",68
"No",67
"Yes",67
"No",66
"Yes",70
"Yes",65
"Yes",69
"No",65
"Yes",63
"Yes",67
"Yes",61
"Yes",65
"Yes",66
"Yes",66
"Yes",69
"Yes",63
"Yes",65
"Yes",67
"Yes",69
"Yes",65
"Yes",65
"Yes",65
"Yes",67
"Yes",66
"Yes",72
"Yes",66
"No",65
"Yes",69
"Yes",68
"Yes",64
"Yes",69
"Yes",59
"Yes",68
"No",60
"Yes",62
"Yes",67
"Yes",68
"Yes",64
"Yes",65
"Yes",65
"Yes",63
"Yes",70
"Yes",66
"Yes",68
"Yes",66
"Yes",63
"Yes",66
"Yes",65
"Yes",66
"Yes",67
"Yes",66
"Yes",63
"Yes",66
"No",67
"No",71
"Yes",67
"Yes",69
"Yes",67
"Yes",72
"Yes",70
"Yes",67
"Yes",64
"Yes",67
"Yes",69
"Yes",68
"Yes",63
"Yes",68
"Yes",70
"Yes",66
"Yes",68
"Yes",67
"Yes",69
"Yes",66
"Yes",68
"Yes",69
"Yes",70
"Yes",74
"Yes",70
"Yes",66
"Yes",69
"Yes",64
"No",62
"Yes",70
"Yes",68
"Yes",65
"Yes",65
"Yes",71
"Yes",66
"Yes",61
"Yes",67
"Yes",65
"Yes",65
"No",65
"Yes",73
"No",62
"Yes",60
"Yes",61
"Yes",67
"No",70
"Yes",69
"No",66
"Yes",64
"Yes",68
"Yes",67
"Yes",64
"Yes",65
"Yes",66
"Yes",63
"Yes",68
"Yes",66
"No",63
"Yes",63
"Yes",74
"Yes",70
"Yes",68
"Yes",66
"Yes",63
"Yes",67
"Yes",62
"Yes",71
"Yes",72
"No",72
"Yes",68
"Yes",66
"Yes",70
"No",66
"Yes",72
"Yes",64
"Yes",63
"Yes",61
"Yes",62
"Yes",68
"Yes",68
"Yes",63
"Yes",70
"Yes",68
"Yes",72
"Yes",67
"No",61
"No",69
"Yes",61
"Yes",75
"Yes",68
"Yes",65
"Yes",67
"Yes",75
"Yes",64
"Yes",70
"No",67
"Yes",63
"Yes",65
"Yes",67
"Yes",86
"Yes",67
"Yes",63
"Yes",66
"Yes",65
"Yes",67
"Yes",69
"Yes",66
"Yes",64
"Yes",73
"Yes",66
"Yes",68
"Yes",70
"Yes",69
"Yes",67
"Yes",62
"Yes",68
"Yes",72
"Yes",69
"Yes",66
"Yes",70
"Yes",71
"Yes",65
"Yes",70
"No",65
"Yes",62
"Yes",62
"Yes",70
"No",66
"Yes",67
"Yes",72
"Yes",66
"Yes",68
"Yes",62
"Yes",64
"Yes",65
"Yes",66
"Yes",64
"Yes",67
"Yes",69
"Yes",68
"Yes",64
"Yes",68
"Yes",64
"Yes",71
"Yes",61
"Yes",68
"Yes",73
"No",64
"Yes",72
"Yes",65
"Yes",68
"Yes",71
"No",65
"Yes",66
"Yes",63
"Yes",74
"No",66
"Yes",63
"Yes",72
"Yes",69
"Yes",67
"Yes",66
"Yes",64
"Yes",67
"Yes",69
"Yes",65
"Yes",64
"No",65
"Yes",72
"Yes",66
"Yes",66
"Yes",67
"Yes",69
"Yes",73
"Yes",69
"Yes",68
"Yes",61
"No",63
"Yes",63
"Yes",68
"Yes",63
"Yes",66
"Yes",65
"Yes",68
"Yes",66
"No",66
"Yes",70
"Yes",61
"Yes",61
"Yes",71
"Yes",67
"Yes",70
"Yes",69
"Yes",65
"Yes",61
"Yes",68
"Yes",74
"Yes",67
"Yes",70
"Yes",59
"Yes",64
"Yes",66
"Yes",63
"Yes",61
"Yes",68
"Yes",65
"Yes",69
"Yes",68
"Yes",69
"Yes",67
"Yes",70
"Yes",68
"Yes",67
"Yes",67
"Yes",75
"Yes",63
"Yes",70
"Yes",70
"Yes",64
"Yes",59
"Yes",63
"No",67
"Yes",68
"Yes",68
"Yes",97
"Yes",66
"Yes",61
"Yes",70
"Yes",65
"Yes",64
"Yes",69
"Yes",64
"Yes",61
"Yes",64
"Yes",68
"Yes",67
"Yes",62
"Yes",66
"Yes",72
"Yes",68
"Yes",71
"Yes",65
"No",68
"Yes",65
"Yes",64
"Yes",65
"Yes",65
"Yes",73
"Yes",72
"Yes",64
"Yes",69
"Yes",69
"No",70
"Yes",83
"Yes",68
"Yes",84
"Yes",75
"Yes",67
"Yes",69
"No",71
"Yes",66
"Yes",65
"Yes",70
"Yes",66
"Yes",74
"Yes",66
"Yes",68
"Yes",68
"Yes",62
"Yes",71
"Yes",63
"Yes",69
"Yes",71
"Yes",66
"Yes",64
"Yes",65
"Yes",69
"Yes",66
"Yes",67
"Yes",65
"Yes",65
"Yes",67
"Yes",66
"Yes",69
"Yes",64
"Yes",70
"Yes",68
"Yes",68
"Yes",69
"Yes",68
"Yes",70
"Yes",67
"No",72
"Yes",69
"Yes",69
"No",64
"Yes",63
"Yes",70
"Yes",70
"Yes",66
"Yes",70
"Yes",66
"Yes",68
"Yes",61
"Yes",72
"Yes",69
"Yes",63
"Yes",72
"Yes",65
"Yes",74
"Yes",62
"Yes",65
"Yes",68
"Yes",66
"Yes",71
"Yes",62
"Yes",65
"Yes",68
"Yes",70
"Yes",67
"Yes",63
"Yes",63
"Yes",69
"Yes",66
"Yes",70
"Yes",63
"Yes",72
"Yes",65
"Yes",67
"No",63
"Yes",65
"Yes",67
"Yes",80
"Yes",68
"Yes",63
"Yes",64
"Yes",73
"Yes",66
"Yes",66
"Yes",66
"Yes",69
"Yes",59
"Yes",68
"Yes",67
"Yes",64
"Yes",65
"Yes",68
"Yes",70
"Yes",62
"Yes",72
"Yes",62
"Yes",68
"Yes",69
"Yes",73
"Yes",69
"Yes",67
"Yes",65
"Yes",63
"Yes",66
"Yes",66
"Yes",70
"Yes",69
"Yes",70
"No",58
"Yes",67
"Yes",73
"Yes",66
"Yes",70
"Yes",67
"Yes",60
"Yes",65
"Yes",63
"Yes",72
"Yes",62
"Yes",70
"Yes",70
"Yes",64
"Yes",64
"Yes",67
"Yes",64
"Yes",72
"Yes",66
"Yes",66
"Yes",71
"Yes",66
"Yes",64
"Yes",66
"Yes",62
"Yes",70
"Yes",69
"Yes",65
"Yes",70
"No",70
"Yes",67
"Yes",69
"Yes",62
"Yes",67
"No",65
"Yes",65
"Yes",65
"No",69
"Yes",63
"Yes",66
"Yes",67
"Yes",69
"Yes",67
"Yes",70
"Yes",67
"Yes",70
"Yes",65
"No",63
"Yes",64
"Yes",69
"No",60
"Yes",69
"Yes",72
"Yes",63
"Yes",63
"Yes",66
"Yes",70
"Yes",68
"Yes",69
"Yes",72
"Yes",67
"Yes",68
"Yes",70
"Yes",68
"Yes",69
"Yes",68
"Yes",66
"Yes",72
"Yes",67
"No",70
"Yes",73
"Yes",73
"Yes",60
"Yes",67
"Yes",69
"Yes",65
"Yes",70
"Yes",68
"Yes",66
"Yes",65
"Yes",64
"Yes",67
"Yes",65
"Yes",64
"Yes",67
"Yes",70
"No",63
"Yes",71
"Yes",68
"Yes",67
"Yes",67
"Yes",68
"Yes",66
"Yes",68
"Yes",70
"Yes",67
"Yes",67
"Yes",62
"Yes",67
"Yes",70
"Yes",72
"Yes",70
"Yes",94
"No",66
"Yes",69
"Yes",68
"Yes",71
"Yes",69
"Yes",67
"Yes",64
"Yes",63
"Yes",66
"No",66
"Yes",69
"Yes",64
"Yes",62
"Yes",66
"Yes",70
"Yes",67
"Yes",68
"Yes",67
"Yes",62
"Yes",67
"Yes",68
"Yes",64
"No",64
"Yes",66
"Yes",72
"Yes",72
"Yes",66
"Yes",72
"Yes",69
"Yes",72
"Yes",60
"Yes",69
"Yes",68
"Yes",69
"Yes",62
"Yes",71
"Yes",70
"Yes",68
"Yes",68
"No",70
"Yes",65
"Yes",73
"Yes",66
"No",71
"Yes",62
"Yes",68
"Yes",70
"Yes",68
"Yes",71
"Yes",70
"Yes",72
"Yes",69
"Yes",63
"Yes",62
"Yes",68
"Yes",70
"Yes",69
"Yes",68
"Yes",65
"Yes",59
"Yes",66
"Yes",64
"No",63
"Yes",72
"Yes",67
"Yes",94
"Yes",70
"Yes",66
"Yes",69
"Yes",64
"Yes",63
"Yes",71
"Yes",65
"Yes",68
"Yes",64
"Yes",64
"Yes",66
"Yes",68
"Yes",67
"Yes",66
"Yes",68
"Yes",66
"Yes",71
"Yes",71
"Yes",68
"Yes",64
"Yes",67
"Yes",64
"Yes",68
"Yes",62
"Yes",64
"Yes",70
"Yes",68
"Yes",69
"Yes",65
"Yes",67
"Yes",65
"Yes",71
"Yes",65
"Yes",66
"Yes",65
"Yes",65
"Yes",68
"Yes",68
"Yes",67
"Yes",65
"Yes",66
"Yes",63
"Yes",70
"Yes",72
"Yes",67
"Yes",67
"Yes",66
"No",66
"Yes",69
"Yes",62
"Yes",66
"Yes",64
"Yes",67
"Yes",71
"Yes",73
"Yes",68
"Yes",66
"Yes",75
"Yes",72
"Yes",68
"No",68
"Yes",69
"Yes",63
"Yes",70
"Yes",66
"Yes",66
"Yes",72
"Yes",71
"Yes",72
"Yes",69
"Yes",71
"Yes",69
"Yes",68
"Yes",61
"Yes",68
"Yes",72
"Yes",70
"Yes",73
"Yes",67
"Yes",65
"Yes",68
"Yes",65
"Yes",97
"Yes",66
"Yes",67
"Yes",70
"Yes",66
"Yes",69
"Yes",62
"Yes",68
"Yes",67
"Yes",68
"Yes",69
"Yes",62
"Yes",75
"Yes",65
"Yes",63
"Yes",66
"No",71
"Yes",66
"Yes",66
"Yes",66
"Yes",71
"Yes",68
"Yes",71
"Yes",68
"Yes",68
"Yes",68
"Yes",62
"Yes",65
"Yes",71
"Yes",63
"Yes",68
"Yes",69
"Yes",69
"Yes",71
"Yes",71
"Yes",62
"Yes",70
"Yes",70
"Yes",73
"Yes",71
"Yes",69
"Yes",66
"Yes",65
"Yes",71
"Yes",68
"Yes",64
"Yes",71
"Yes",67
"Yes",66
"Yes",71
"Yes",62
"Yes",67
"Yes",67
"Yes",66
"Yes",64
"Yes",62
"Yes",65
"Yes",63
"Yes",64
"Yes",65
"Yes",68
"Yes",72
"Yes",64
"Yes",62
"No",69
"Yes",64
"Yes",61
"Yes",72
"Yes",66
"Yes",69
"No",65
"Yes",64
"Yes",62
"Yes",66
"Yes",62
"Yes",66
"Yes",70
"Yes",75
"Yes",67
"Yes",66
"Yes",71
"Yes",75
"Yes",72
"Yes",64
"No",65
"Yes",67
"Yes",63
"Yes",62
"Yes",69
"Yes",70
"Yes",63
"Yes",71
"Yes",63
"Yes",71
"Yes",63
"Yes",68
"No",65
"Yes",66
"Yes",66
"Yes",66
"Yes",65
"Yes",66
"Yes",67
"Yes",68
"Yes",68
"Yes",69
"Yes",64
"Yes",67
"Yes",63
"Yes",67
"No",64
"Yes",66
"Yes",65
"No",68
"Yes",66
"Yes",71
"No",74
"Yes",65
"Yes",68
"No",68
"Yes",72
"Yes",74
"Yes",61
"Yes",65
"Yes",63
"Yes",66
"Yes",66
"Yes",73
"Yes",63
"Yes",68
"Yes",73
"Yes",63
"Yes",65
"Yes",66
"Yes",65
"Yes",66
"Yes",65
"Yes",70
"Yes",70
"Yes",68
"No",64
"Yes",68
"Yes",62
"Yes",68
"Yes",61
"No",69
"Yes",65
"Yes",65
"Yes",72
"Yes",70
"No",65
"Yes",69
"Yes",65
"Yes",69
"Yes",65
"Yes",72
"Yes",70
"Yes",64
"Yes",67
"Yes",69
"Yes",70
"Yes",70
"Yes",65
"Yes",69
"Yes",74
"Yes",66
"Yes",72
"No",67
"Yes",75
"Yes",70
"Yes",63
"Yes",65
"Yes",64
"Yes",65
"Yes",70
"Yes",67
"No",67
"Yes",68
"Yes",65
"Yes",61
"Yes",63
"Yes",80
"Yes",69
"Yes",55
"Yes",70
"Yes",65
"Yes",68
"Yes",64
"Yes",69
"Yes",89
"Yes",67
"No",92
"No",67
"Yes",70
"Yes",68
"Yes",70
"Yes",67
"Yes",69
"Yes",67
"Yes",69
"No",63
"Yes",69
"Yes",66
"Yes",68
"Yes",69
"Yes",66
"Yes",72
"Yes",62
"Yes",67
"Yes",67
"No",67
"Yes",65
"Yes",67
"No",66
"Yes",70
"Yes",71
"Yes",64
"Yes",69
"No",72
"Yes",60
"Yes",71
"Yes",71
"Yes",66
"Yes",74
"Yes",64
"Yes",68
"Yes",66
"Yes",65
"No",64
"Yes",65
"Yes",69
"Yes",68
"Yes",62
"Yes",63
"Yes",65
"Yes",62
"Yes",67
"Yes",64
"Yes",61
"Yes",65
"Yes",67
"Yes",70
"Yes",59
"Yes",75
"Yes",67
"Yes",64
"Yes",72
"Yes",76
"Yes",69
"Yes",65
"Yes",72
"Yes",69
"Yes",71
"Yes",64
"Yes",74
"Yes",68
"Yes",66
"Yes",65
"Yes",67
"Yes",69
"Yes",66
"Yes",69
"Yes",67
"Yes",64
"Yes",67
"No",61
"Yes",61
"Yes",68
"Yes",66
"Yes",66
"Yes",68
"Yes",63
"Yes",66
"Yes",66
"Yes",66
"Yes",65
"Yes",69
"Yes",71
"Yes",66
"Yes",66
"No",65
"Yes",71
"Yes",69
"Yes",61
"Yes",70
"Yes",70
"Yes",65
"Yes",64
"Yes",68
"Yes",63
"Yes",63
"Yes",71
"No",58
"Yes",68
"Yes",65
"Yes",65
"Yes",68
"Yes",69
"Yes",71
"Yes",65
"Yes",64
"Yes",75
"Yes",67
"Yes",68
"Yes",72
"Yes",67
"Yes",72
"Yes",69
"Yes",68
"Yes",70
"Yes",69
"Yes",67
"No",63
"Yes",61
"Yes",66
"No",73
"Yes",67
"Yes",72
"Yes",69
"Yes",69
"Yes",63
"Yes",67
"Yes",63
"No",66
"Yes",62
"Yes",68
"Yes",65
"Yes",59
"Yes",72
"Yes",63
"Yes",68
"Yes",61
"Yes",65
"Yes",68
"Yes",61
"Yes",63
"Yes",67
"Yes",66
"Yes",75
"Yes",68
"Yes",65
"Yes",64
"No",67
"Yes",64
"Yes",67
"No",63
"Yes",67
"Yes",65
"Yes",70
"Yes",62
"Yes",69
"Yes",70
"Yes",68
"Yes",68
"Yes",64
"No",63
"Yes",68
"Yes",67
"Yes",68
"Yes",66
"No",67
"Yes",69
"Yes",68
"Yes",70
"Yes",68
"Yes",66
"Yes",67
"Yes",65
"Yes",67
"Yes",63
"Yes",64
"Yes",64
"Yes",66
"Yes",68
"Yes",67
"Yes",72
"Yes",67
"Yes",66
"Yes",66
"Yes",67
"Yes",65
"Yes",70
"Yes",69
"Yes",69
"Yes",66
"Yes",66
"Yes",67
"Yes",67
"Yes",67
"Yes",72
"Yes",68
"Yes",70
"Yes",69
"Yes",65
"Yes",72
"Yes",69
"Yes",68
"Yes",62
"Yes",60
"Yes",67
"Yes",67
"Yes",67
"Yes",63
"Yes",71
"Yes",66
"Yes",65
"Yes",69
"Yes",63
"Yes",64
"Yes",67
"Yes",62
"Yes",68
"Yes",71
"No",66
"Yes",69
"Yes",71
"Yes",66
"Yes",72
"Yes",70
"Yes",65
"Yes",64
"Yes",63
"No",63
"No",66
"Yes",68
"Yes",74
"Yes",71
"Yes",67
"Yes",66
"Yes",67
"Yes",62
"Yes",68
"Yes",62
"No",82
"Yes",70
"Yes",72
"Yes",64
"Yes",66
"Yes",68
"Yes",64
"Yes",61
"Yes",69
"Yes",68
"Yes",64
"Yes",67
"Yes",67
"Yes",65
"Yes",68
"Yes",67
"Yes",67
"Yes",64
"Yes",70
"Yes",69
"Yes",66
"Yes",69
"Yes",66
"Yes",73
"No",66
"Yes",69
"Yes",70
"Yes",71
"Yes",70
"Yes",69
"Yes",63
"Yes",71
"Yes",67
"Yes",73
"Yes",68
"Yes",69
"Yes",76
"Yes",68
"Yes",65
"Yes",66
"Yes",65
"Yes",69
"Yes",71
"Yes",66
"Yes",69
"No",59
"Yes",65
"Yes",72
"Yes",60
"Yes",64
"Yes",69
"Yes",70
"Yes",67
"Yes",67
"Yes",64
"Yes",68
"Yes",72
"Yes",65
"Yes",70
"Yes",75
"No",65
"Yes",63
"Yes",71
"Yes",66
"Yes",69
"No",68
"Yes",71
"No",77
"Yes",70
"Yes",66
"Yes",73
"Yes",62
"Yes",65
"Yes",71
"Yes",66
"Yes",72
"Yes",64
"Yes",63
"Yes",63
"Yes",72
"Yes",71
"No",72
"Yes",65
"Yes",67
"Yes",68
"Yes",66
"Yes",72
"Yes",71
"Yes",70
"Yes",68
"Yes",72
"Yes",66
"Yes",69
"Yes",65
"Yes",62
"Yes",69
"Yes",65
"Yes",69
"Yes",69
"Yes",73
"Yes",75
"Yes",70
"Yes",74
"Yes",65
"Yes",63
"Yes",74
"Yes",67
"No",71
"Yes",68
"Yes",69
"Yes",71
"Yes",66
"Yes",65
"No",66
"Yes",65
"Yes",67
"Yes",70
"Yes",63
"Yes",64
"Yes",71
"Yes",68
"Yes",72
"Yes",71
"No",64
"Yes",64
"Yes",66
"Yes",68
"Yes",68
"Yes",65
"Yes",67
"Yes",64
"No",70
"Yes",65
"Yes",65
"Yes",68
"Yes",61
"Yes",63
"Yes",65
"Yes",69
"Yes",64
"Yes",69
"Yes",67
"Yes",74
"Yes",66
"Yes",72
"Yes",73
"Yes",73
"Yes",63
"Yes",69
"Yes",71
"Yes",63
"Yes",69
"Yes",72
"Yes",68
"Yes",62
"Yes",68
"Yes",71
"No",67
"Yes",65
"No",60
"Yes",68
"Yes",59
"Yes",64
"Yes",71
"Yes",68
"No",70
"Yes",62
"Yes",62
"Yes",68
"Yes",68
"Yes",74
"Yes",61
"Yes",67
"Yes",65
"No",101
"Yes",65
"Yes",67
"Yes",61
"Yes",64
"Yes",64
"Yes",67
"Yes",69
"Yes",69
"Yes",67
"Yes",62
"Yes",66
"Yes",72
"Yes",67
"Yes",66
"Yes",67
"Yes",67
"Yes",68
"Yes",63
"Yes",62
"Yes",65
"Yes",65
"Yes",70
"Yes",73
"Yes",73
"No",68
"Yes",63
"Yes",62
"Yes",69
"Yes",66
"Yes",68
"Yes",67
"Yes",65
"No",70
"No",64
"Yes",65
"Yes",67
"Yes",62
"Yes",66
"Yes",68
"Yes",64
"Yes",69
"No",69
"Yes",67
"Yes",61
"Yes",70
"Yes",65
"Yes",66
"Yes",66
"Yes",69
"Yes",67
"Yes",71
"Yes",68
"No",67
"Yes",63
"Yes",64
"Yes",73
"Yes",69
"Yes",65
"Yes",70
"Yes",67
"Yes",67
"Yes",70
"No",69
"Yes",68
"Yes",66
"Yes",62
"Yes",67
"Yes",71
"Yes",68
"Yes",66
"Yes",64
"Yes",71
"Yes",61
"No",67
"Yes",65
"No",66
"Yes",68
"Yes",66
"Yes",63
"Yes",66
"Yes",73
"Yes",88
"Yes",67
"Yes",69
"Yes",67
"Yes",64
"No",64
"Yes",65
"Yes",68
"Yes",77
"Yes",63
"Yes",69
"Yes",69
"Yes",70
"Yes",73
"Yes",66
"Yes",71
"Yes",66
"Yes",71
"Yes",66
"Yes",63
"Yes",70
"Yes",66
"Yes",66
"Yes",66
"Yes",62
"Yes",69
"Yes",63
"Yes",68
"Yes",64
"Yes",69
"Yes",71
"No",71
"Yes",66
"Yes",63
"Yes",72
"No",70
"Yes",71
"Yes",65
"Yes",65
"Yes",67
"Yes",68
"Yes",70
"Yes",70
"Yes",72
"Yes",65
"Yes",65
"Yes",71
"Yes",74
"Yes",64
"Yes",64
"Yes",65
"Yes",67
"Yes",73
"Yes",72
"Yes",65
"Yes",67
"Yes",66
"Yes",70
"Yes",66
"Yes",66
"Yes",68
"Yes",68
"Yes",67
"No",65
"Yes",64
"Yes",70
"Yes",63
"No",65
"Yes",67
"Yes",71
"Yes",73
"Yes",67
"Yes",72
"Yes",71
"Yes",72
"Yes",68
"Yes",65
"Yes",68
"Yes",67
"Yes",66
"Yes",64
"Yes",65
"Yes",69
"Yes",68
"Yes",69
"Yes",70
"Yes",65
"Yes",63
"Yes",71
"Yes",68
"Yes",70
"Yes",72
"Yes",64
"Yes",64
"Yes",66
"Yes",69
"Yes",71
"Yes",69
"Yes",67
"Yes",66
"Yes",71
"Yes",63
"Yes",62
"Yes",73
"Yes",66
"Yes",72
"Yes",67
"No",65
"Yes",66
"Yes",68
"Yes",69
"Yes",68
"Yes",61
"Yes",68
"Yes",64
"No",67
"Yes",68
"Yes",61
"Yes",66
"Yes",64
"Yes",67
"Yes",64
"Yes",72
"Yes",62
"Yes",63
"Yes",70
"Yes",69
"Yes",64
"Yes",66
"Yes",67
"Yes",71
"Yes",70
"Yes",69
"Yes",68
"No",64
"Yes",70
"Yes",69
"Yes",63
"Yes",60
"Yes",65
"Yes",67
"Yes",66
"No",68
"Yes",58
"Yes",67
"Yes",68
"Yes",62
"No",69
"Yes",73
"Yes",66
"Yes",67
"Yes",71
"Yes",66
"Yes",74
"Yes",67
"Yes",68
"Yes",61
"Yes",69
"Yes",65
"Yes",71
"Yes",61
"Yes",70
"Yes",70
"Yes",69
"Yes",70
"Yes",67
"Yes",63
"Yes",70
"Yes",61
"Yes",64
"Yes",65
"Yes",65
"Yes",66
"Yes",66
"Yes",63
"Yes",66
"Yes",64
"Yes",65
"Yes",62
"Yes",71
"Yes",63
"Yes",70
"Yes",70
"Yes",65
"Yes",66
"Yes",66
"Yes",68
"Yes",68
"Yes",69
"Yes",71
"Yes",69
"Yes",68
"Yes",67
"Yes",72
"Yes",68
"Yes",60
"Yes",68
"Yes",65
"Yes",67
"Yes",70
"Yes",70
"Yes",61
"Yes",68
"Yes",67
"Yes",62
"Yes",66
"Yes",69
"Yes",66
"Yes",64
"Yes",66
"Yes",63
"Yes",62
"Yes",65
"Yes",68
"Yes",65
"Yes",63
"Yes",68
"Yes",72
"Yes",69
"Yes",66
"Yes",68
"Yes",64
"Yes",61
"Yes",67
"Yes",68
"Yes",74
"Yes",67
"Yes",64
"Yes",69
"Yes",63
"Yes",67
"Yes",65
"Yes",67
"Yes",68
"No",62
"Yes",70
"Yes",67
"Yes",89
"Yes",65
"No",69
"Yes",64
"Yes",74
"Yes",64
"Yes",64
"Yes",67
"Yes",63
"Yes",68
"Yes",66
"Yes",68
"Yes",68
"Yes",69
"Yes",71
"Yes",65
"Yes",67
"Yes",65
"Yes",65
"Yes",80
"Yes",74
"No",59
"Yes",69
"Yes",66
"Yes",66
"Yes",65
"Yes",67
"Yes",69
"Yes",68
"Yes",73
"Yes",71
"Yes",67
"Yes",67
"Yes",66
"Yes",63
"No",65
"Yes",67
"Yes",69
"Yes",67
"Yes",66
"Yes",74
"No",69
"Yes",66
"Yes",69
"Yes",63
"No",65
"No",64
"Yes",64
"Yes",69
"Yes",73
"Yes",62
"Yes",62
"Yes",68
"Yes",66
"Yes",68
"Yes",66
"Yes",69
"Yes",62
"Yes",68
"Yes",67
"Yes",65
"Yes",69
"Yes",67
"Yes",64
"No",62
"Yes",71
"No",72
"Yes",74
"Yes",66
"Yes",72
"Yes",65
"Yes",67
"Yes",70
"Yes",62
"Yes",66
"Yes",65
"Yes",70
"Yes",69
"Yes",70
"Yes",66
"Yes",73
"Yes",69
"Yes",66
"Yes",65
"Yes",70
"Yes",70
"Yes",67
"Yes",68
"Yes",68
"Yes",61
"Yes",70
"Yes",65
"No",66
"Yes",67
"Yes",69
"Yes",69
"Yes",67
"Yes",66
"Yes",63
"Yes",67
"Yes",64
"Yes",68
"Yes",65
"Yes",65
"No",65
"Yes",70
"Yes",62
"Yes",68
"Yes",62
"Yes",68
"Yes",72
"Yes",70
"No",62
"Yes",79
"Yes",73
"Yes",68
"Yes",68
"Yes",69
"Yes",63
"No",74
"Yes",69
"Yes",61
"Yes",69
"Yes",64
"Yes",63
"Yes",68
"Yes",72
"Yes",65
"No",69
"Yes",70
"Yes",63
"Yes",62
"Yes",72
"Yes",69
"Yes",66
"Yes",71
"Yes",62
"Yes",68
"Yes",63
"Yes",66
"Yes",75
"Yes",69
"Yes",68
"Yes",69
"Yes",67
"Yes",73
"Yes",71
"Yes",71
"Yes",68
"Yes",70
"Yes",71
"Yes",69
"No",63
"Yes",71
"No",69
"Yes",71
"Yes",68
"Yes",68
"Yes",66
"Yes",67
"Yes",59
"Yes",66
"Yes",64
"Yes",64
"Yes",69
"Yes",69
"No",61
"Yes",62
"Yes",61
"Yes",63
"Yes",71
"Yes",65
"Yes",68
"Yes",67
"Yes",70
"Yes",64
"Yes",71
"Yes",71
"Yes",67
"Yes",63
"Yes",66
"Yes",70
"Yes",70
"Yes",67
"Yes",69
"Yes",66
"Yes",67
"Yes",65
"Yes",72
"Yes",68
"Yes",72
"Yes",76
"Yes",65
"Yes",68
"Yes",65
"Yes",66
"Yes",63
"Yes",63
"Yes",66
"Yes",69
"Yes",72
"Yes",66
"No",64
"Yes",67
"Yes",67
"Yes",66
"Yes",68
"Yes",65
"Yes",71
"Yes",71
"Yes",62
"Yes",69
"Yes",65
"Yes",70
"Yes",66
"Yes",70
"Yes",70
"Yes",69
"Yes",71
"Yes",69
"Yes",73
"Yes",65
"Yes",62
"Yes",67
"Yes",65
"Yes",65
"Yes",70
"Yes",70
"Yes",71
"Yes",71
"Yes",62
"Yes",65
"Yes",84
"Yes",68
"Yes",70
"Yes",68
"Yes",67
"Yes",69
"Yes",68
"No",59
"No",67
"Yes",63
"Yes",65
"Yes",63
"Yes",64
"Yes",72
"Yes",63
"No",66
"Yes",67
"Yes",66
"Yes",66
"Yes",68
"Yes",66
"Yes",68
"Yes",65
"Yes",67
"Yes",64
"Yes",59
"No",60
"Yes",65
"Yes",64
"Yes",66
"Yes",65
"Yes",69
"Yes",66
"Yes",65
"Yes",62
"Yes",60
"No",68
"Yes",64
"Yes",73
"Yes",64
"Yes",69
"Yes",63
"Yes",65
"Yes",65
"Yes",67
"No",67
"Yes",66
"Yes",68
"Yes",65
"Yes",66
"Yes",66
"No",69
"Yes",70
"Yes",71
"Yes",70
"Yes",68
"Yes",73
"Yes",68
"Yes",66
"Yes",67
"Yes",66
"Yes",69
"Yes",67
"Yes",61
"Yes",70
"Yes",70
"No",70
"Yes",64
"Yes",65
"Yes",70
"Yes",62
"Yes",64
"Yes",67
"No",63
"Yes",62
"Yes",72
"No",69
"Yes",72
"Yes",68
"Yes",64
"Yes",72
"Yes",73
"No",67
"Yes",64
"Yes",65
"Yes",67
"Yes",68
"Yes",72
"Yes",71
"Yes",66
"Yes",59
"Yes",68
"No",64
"Yes",70
"Yes",65
"No",72
"Yes",66
"Yes",68
"Yes",62
"Yes",70
"Yes",70
"Yes",64
"Yes",76
"Yes",67
"Yes",69
"Yes",68
"Yes",67
"Yes",69
"Yes",67
"Yes",73
"No",71
"Yes",70
"Yes",65
"Yes",73
"Yes",65
"Yes",73
"Yes",70
"Yes",66
"Yes",66
"Yes",64
"Yes",68
"Yes",70
"Yes",72
"Yes",66
"Yes",74
"Yes",67
"Yes",71
"Yes",60
"Yes",68
"Yes",69
"Yes",74
"Yes",71
"Yes",63
"No",66
"Yes",65
"No",60
"Yes",69
"Yes",69
"Yes",67
"Yes",65
"Yes",70
"Yes",71
"Yes",73
"Yes",70
"Yes",67
"Yes",67
"Yes",65
"Yes",69
"No",65
"Yes",68
"Yes",74
"Yes",68
"Yes",61
"Yes",67
"Yes",66
"Yes",69
"Yes",62
"Yes",71
"Yes",71
"Yes",72
"Yes",69
"No",67
"Yes",63
"No",68
"Yes",69
"Yes",65
"Yes",70
"Yes",65
"Yes",67
"Yes",72
"Yes",69
"No",69
"Yes",71
"Yes",67
"Yes",65
"Yes",70
"Yes",63
"Yes",71
"Yes",64
"Yes",69
"Yes",69
"Yes",70
"Yes",64
"Yes",70
"Yes",74
"Yes",69
"Yes",73
"Yes",66
"No",67
"Yes",76
"Yes",61
"Yes",68
"Yes",63
"Yes",67
"Yes",66
"Yes",62
"Yes",69
"Yes",67
"No",66
"Yes",63
"Yes",64
"Yes",64
"Yes",67
"Yes",66
"Yes",68
"Yes",62
"Yes",68
"Yes",63
"Yes",62
"Yes",72
"Yes",69
"Yes",67
"Yes",65
"Yes",69
"Yes",72
"Yes",70
"Yes",91
"Yes",65
"Yes",62
"Yes",65
"Yes",67
"Yes",67
"Yes",72
"Yes",60
"Yes",69
"Yes",61
"Yes",70
"Yes",68
"Yes",75
"Yes",75
"Yes",72
"Yes",66
"Yes",71
"Yes",70
"Yes",63
"Yes",72
"Yes",65
"Yes",71
"Yes",65
"Yes",69
"Yes",71
"Yes",68
"Yes",66
"Yes",60
"Yes",68
"Yes",67
"Yes",71
"Yes",74
"Yes",70
"Yes",63
"Yes",64
"Yes",66
"Yes",64
"Yes",69
"Yes",71
"Yes",64
"Yes",65
"Yes",69
"Yes",68
"Yes",68
"Yes",68
"Yes",65
"Yes",65
"Yes",66
"Yes",66
"Yes",71
"Yes",68
"Yes",65
"Yes",63
"Yes",66
"Yes",71
"Yes",65
"Yes",68
"Yes",66
"Yes",64
"Yes",70
"Yes",70
"Yes",66
"Yes",70
"No",71
"Yes",70
"Yes",70
"Yes",66
"Yes",64
"Yes",66
"Yes",68
"Yes",61
"Yes",72
"Yes",66
"Yes",68
"Yes",61
"Yes",67
"Yes",66
"Yes",74
"Yes",66
"Yes",67
"Yes",71
"Yes",66
"Yes",71
"No",72
"Yes",66
"Yes",62
"Yes",66
"Yes",69
"Yes",64
"Yes",69
"Yes",69
"Yes",64
"Yes",68
"Yes",63
"Yes",64
"Yes",69
"Yes",71
"Yes",67
"Yes",67
"Yes",66
"Yes",67
"Yes",68
"Yes",69
"No",62
"Yes",66
"Yes",63
"Yes",67
"Yes",68
"Yes",66
"Yes",66
"Yes",67
"Yes",66
"Yes",69
"Yes",72
"Yes",60
"Yes",68
"Yes",72
"Yes",64
"Yes",65
"Yes",76
"Yes",59
"Yes",67
"Yes",73
"Yes",64
"Yes",67
"Yes",69
"Yes",69
"No",67
"Yes",72
"No",86
"Yes",62
"Yes",69
"Yes",68
"Yes",99
"Yes",70
"Yes",68
"Yes",67
"Yes",66
"Yes",66
"Yes",62
"Yes",72
"No",64
"Yes",68
"Yes",66
"Yes",68
"Yes",75
"Yes",67
"Yes",65
"Yes",68
"Yes",67
"Yes",63
"Yes",67
"Yes",67
"Yes",73
"No",67
"Yes",71
"Yes",67
"Yes",68
"Yes",68
"Yes",66
"No",68
"No",63
"Yes",68
"Yes",74
"Yes",65
"Yes",69
"Yes",70
"Yes",65
"Yes",68
"No",65
"No",68
"Yes",68
"Yes",66
"Yes",70
"Yes",66
"Yes",64
"Yes",70
"Yes",68
"Yes",74
"Yes",71
"Yes",61
"Yes",64
"Yes",64
"Yes",73
"Yes",62
"Yes",71
"Yes",68
"Yes",67
"Yes",63
"Yes",71
"Yes",72
"No",66
"Yes",67
"Yes",66
"Yes",68
"Yes",64
"Yes",65
"Yes",66
"Yes",69
"Yes",64
"Yes",65
"Yes",72
"Yes",65
"Yes",70
"Yes",64
"Yes",62
"Yes",69
"Yes",62
"Yes",69
"Yes",66
"Yes",71
"Yes",66
"No",64
"Yes",63
"Yes",69
"No",68
"Yes",63
"Yes",64
"Yes",66
"Yes",71
"Yes",72
"Yes",88
"Yes",66
"Yes",65
"Yes",66
"Yes",62
"Yes",68
"Yes",65
"Yes",62
"Yes",74
"Yes",64
"Yes",72
"Yes",70
"Yes",65
"Yes",66
"Yes",67
"Yes",73
"Yes",65
"Yes",74
"Yes",66
"Yes",67
"No",58
"Yes",71
"Yes",63
"Yes",73
"Yes",68
"Yes",66
"Yes",68
"No",66
"Yes",62
"Yes",78
"Yes",68
"Yes",77
"Yes",65
"Yes",73
"Yes",64
"No",67
"Yes",69
"Yes",60
"Yes",66
"Yes",70
"No",66
"Yes",64
"Yes",70
"Yes",58
"Yes",69
"Yes",64
"Yes",72
"Yes",60
"Yes",70
"Yes",62
"Yes",66
"Yes",66
"Yes",65
"Yes",64
"Yes",72
"Yes",71
"Yes",68
"Yes",68
"Yes",64
"Yes",65
"No",64
"Yes",75
"Yes",61
"Yes",68
"Yes",70
"Yes",71
"Yes",66
"Yes",66
"Yes",70
"Yes",62
"Yes",72
"Yes",72
"Yes",63
"No",69
"Yes",68
"Yes",67
"Yes",71
"No",67
"Yes",62
"Yes",69
"Yes",67
"Yes",71
"Yes",87
"Yes",62
"Yes",64
"Yes",74
"Yes",69
"Yes",65
"No",66
"Yes",70
"Yes",68
"Yes",70
"Yes",68
"Yes",69
"Yes",66
"Yes",65
"Yes",71
"Yes",66
"Yes",61
"Yes",69
"Yes",65
"Yes",63
"Yes",73
"Yes",68
"Yes",70
"Yes",72
"No",68
"Yes",68
"Yes",71
"Yes",68
"Yes",70
"No",70
"Yes",69
"Yes",73
"Yes",72
"Yes",67
"Yes",69
"Yes",68
"Yes",64
"Yes",71
"Yes",68
"Yes",70
"Yes",72
"Yes",65
"Yes",70
"Yes",69
"Yes",64
"Yes",67
"Yes",65
"Yes",62
"Yes",68
"Yes",68
"Yes",68
"Yes",68
"Yes",62
"Yes",72
"Yes",69
"Yes",68
"Yes",71
"Yes",69
"Yes",71
"Yes",65
"Yes",68
"Yes",60
"Yes",68
"Yes",66
"Yes",66
"Yes",62
"Yes",61
"Yes",69
"Yes",69
"Yes",74
"Yes",62
"Yes",67
"Yes",69
"Yes",66
"Yes",72
"Yes",69
"Yes",65
"Yes",72
"Yes",69
"Yes",60
"Yes",61
"Yes",63
"No",63
"Yes",68
"Yes",68
"Yes",65
"Yes",71
"Yes",64
"Yes",65
"Yes",67
"Yes",67
"Yes",67
"Yes",87
"Yes",67
"Yes",72
"Yes",69
"Yes",65
"Yes",66
"Yes",70
"Yes",71
"No",67
"Yes",72
"Yes",63
"Yes",67
"Yes",72
"Yes",72
"No",70
"Yes",67
"Yes",68
"Yes",67
"Yes",70
"No",67
"Yes",71
"Yes",69
"No",74
"Yes",63
"Yes",72
"Yes",71
"Yes",64
"Yes",69
"Yes",62
"No",69
"Yes",68
"Yes",67
"Yes",71
"Yes",70
"Yes",63
"Yes",60
"Yes",69
"Yes",71
"Yes",69
"Yes",73
"Yes",73
"Yes",68
"Yes",67
"Yes",74
"Yes",68
"Yes",69
"Yes",69
"Yes",68
"Yes",66
"Yes",69
"Yes",66
"Yes",72
"Yes",69
"Yes",68
"Yes",66
"Yes",65
"Yes",71
"Yes",61
"Yes",63
"Yes",66
"Yes",69
"Yes",71
"Yes",73
"Yes",72
"Yes",73
"Yes",65
"Yes",71
"Yes",65
"Yes",67
"Yes",69
"No",63
"Yes",68
"No",70
"Yes",64
"Yes",64
"Yes",68
"Yes",65
"Yes",70
"Yes",66
"Yes",70
"Yes",66
"Yes",69
"Yes",69
"Yes",64
"Yes",64
"Yes",69
"Yes",67
"Yes",63
"Yes",67
"Yes",65
"Yes",64
"Yes",68
"Yes",64
"No",70
"Yes",70
"Yes",67
"Yes",69
"Yes",70
"Yes",69
"Yes",65
"Yes",66
"Yes",70
"Yes",63
"Yes",69
"Yes",74
"Yes",70
"Yes",66
"Yes",68
"Yes",67
"Yes",66
"Yes",65
"Yes",66
"Yes",69
"Yes",67
"Yes",69
"Yes",66
"Yes",64
"Yes",61
"Yes",61
"Yes",70
"Yes",65
"Yes",67
"Yes",69
"Yes",63
"Yes",66
"Yes",73
"No",68
"Yes",74
"Yes",70
"Yes",68
"Yes",67
"Yes",65
"Yes",66
"Yes",64
"Yes",72
"Yes",70
"Yes",60
"Yes",68
"Yes",71
"Yes",68
"Yes",67
"Yes",70
"Yes",65
"Yes",60
"No",65
"Yes",70
"Yes",69
"Yes",64
"Yes",67
"Yes",73
"Yes",74
"Yes",67
"Yes",66
"Yes",69
"Yes",64
"Yes",69
"Yes",66
"Yes",65
"Yes",67
"Yes",67
"Yes",68
"Yes",65
"Yes",66
"Yes",65
"No",71
"Yes",63
"Yes",70
"Yes",70
"Yes",67
"Yes",68
"No",63
"Yes",70
"No",69
"Yes",66
"Yes",70
"Yes",68
"Yes",70
"Yes",67
"Yes",69
"Yes",64
"No",62
"Yes",71
"Yes",69
"Yes",62
"Yes",66
"Yes",64
"Yes",66
"Yes",72
"Yes",71
"Yes",65
"Yes",65
"Yes",70
"Yes",68
"Yes",57
"Yes",59
"Yes",64
"Yes",67
"Yes",60
"Yes",67
"Yes",65
"Yes",71
"Yes",67
"Yes",69
"Yes",68
"Yes",59
"No",75
"Yes",59
"Yes",71
"Yes",71
"Yes",66
"Yes",69
"No",65
"Yes",68
"Yes",68
"Yes",67
"Yes",68
"Yes",68
"Yes",88
"Yes",66
"Yes",67
"Yes",63
"Yes",68
"Yes",65
"Yes",67
"No",67
"Yes",67
"Yes",64
"Yes",61
"Yes",65
"Yes",70
"Yes",67
"Yes",68
"Yes",65
"Yes",63
"Yes",72
"Yes",68
"Yes",73
"Yes",71
"Yes",70
"Yes",68
"Yes",68
"Yes",68
"Yes",71
"Yes",70
"Yes",67
"Yes",61
"Yes",64
"Yes",72
"Yes",67
"Yes",65
"Yes",64
"Yes",66
"Yes",62
"Yes",70
"No",64
"Yes",70
"Yes",66
"Yes",62
"Yes",63
"Yes",66
"Yes",58
"Yes",70
"Yes",63
"Yes",70
"Yes",65
"Yes",67
"No",73
"Yes",82
"Yes",71
"Yes",73
"Yes",65
"Yes",67
"No",67
"Yes",69
"Yes",61
"Yes",64
"Yes",64
"Yes",68
"Yes",62
"Yes",66
"Yes",70
"Yes",67
"Yes",70
"Yes",65
"Yes",65
"Yes",70
"Yes",72
"Yes",65
"Yes",71
"Yes",71
"Yes",72
"Yes",64
"Yes",72
"Yes",71
"Yes",66
"Yes",71
"Yes",67
"Yes",69
"Yes",67
"Yes",71
"Yes",66
"Yes",62
"Yes",67
"Yes",70
"Yes",72
"Yes",69
"Yes",70
"Yes",64
"No",65
"Yes",66
"Yes",68
"Yes",72
"Yes",65
"Yes",60
"Yes",63
"Yes",66
"Yes",73
"Yes",71
"Yes",59
"Yes",70
"Yes",63
"Yes",67
"Yes",65
"Yes",64
"Yes",71
"Yes",70
"Yes",63
"Yes",68
"No",67
"Yes",66
"Yes",63
"Yes",65
"Yes",66
"Yes",65
"Yes",65
"Yes",63
"Yes",65
"Yes",62
"Yes",66
"Yes",71
"Yes",64
"Yes",67
"Yes",68
"Yes",63
"Yes",64
"Yes",74
"Yes",68
"No",68
"No",69
"Yes",61
"Yes",69
"Yes",61
"Yes",67
"Yes",63
"Yes",68
"No",68
"Yes",67
"Yes",69
"Yes",64
"Yes",67
"Yes",70
"Yes",72
"Yes",71
"Yes",62
"Yes",67
"Yes",64
"Yes",64
"Yes",70
"Yes",68
"Yes",70
"Yes",65
"Yes",59
"Yes",69
"Yes",67
"Yes",68
"Yes",62
"No",65
"Yes",69
"Yes",65
"Yes",68
"Yes",68
"No",71
"Yes",71
"Yes",66
"Yes",71
"Yes",66
"Yes",66
"Yes",69
"Yes",65
"Yes",66
"Yes",67
"Yes",66
"Yes",69
"Yes",66
"Yes",64
"Yes",70
"No",62
"Yes",67
"Yes",60
"Yes",66
"Yes",72
"Yes",63
"Yes",69
"Yes",66
"Yes",69
"Yes",68
"Yes",66
"Yes",63
"Yes",70
"Yes",68
"Yes",68
"Yes",67
"Yes",67
"Yes",69
"Yes",68
"Yes",67
"Yes",70
"Yes",70
"Yes",66
"Yes",61
"Yes",68
"Yes",64
"Yes",66
"Yes",65
"Yes",73
"No",66
"Yes",65
"Yes",68
"Yes",69
"Yes",72
"Yes",63
"Yes",65
"Yes",69
"Yes",62
"Yes",66
"Yes",69
"Yes",67
"Yes",94
"Yes",71
"Yes",61
"Yes",68
"Yes",66
"Yes",71
"Yes",66
"Yes",60
"Yes",60
"No",66
"Yes",67
"Yes",67
"Yes",64
"Yes",66
"Yes",68
"Yes",70
"Yes",75
"Yes",86
"Yes",73
"Yes",61
"Yes",68
"Yes",70
"Yes",71
"Yes",71
"Yes",68
"Yes",70
"Yes",70
"Yes",62
"Yes",67
"Yes",68
"Yes",68
"Yes",64
"Yes",68
"Yes",69
"Yes",70
"Yes",73
"Yes",66
"Yes",68
"No",68
"Yes",65
"Yes",66
"Yes",62
"Yes",67
"Yes",73
"Yes",65
"Yes",70
"Yes",68
"Yes",67
"Yes",66
"Yes",65
"Yes",66
"Yes",66
"Yes",60
"Yes",66
"Yes",68
"Yes",72
"No",68
"Yes",67
"Yes",62
"Yes",66
"Yes",69
"Yes",64
"No",63
"Yes",74
"Yes",72
"No",71
"Yes",64
"No",65
"Yes",75
"Yes",69
"Yes",65
"No",60
"Yes",69
"Yes",65
"Yes",67
"Yes",70
"Yes",66
"Yes",69
"Yes",69
"Yes",68
"Yes",70
"Yes",66
"No",65
"Yes",65
"Yes",65
"Yes",69
"Yes",69
"Yes",65
"No",76
"Yes",72
"Yes",67
"Yes",74
"Yes",66
"Yes",66
"Yes",66
"Yes",71
"Yes",66
"Yes",65
"Yes",69
"Yes",69
"Yes",63
"Yes",68
"Yes",64
"Yes",64
"Yes",73
"Yes",66
"Yes",67
"Yes",63
"Yes",61
"Yes",71
"Yes",61
"Yes",62
"Yes",74
"Yes",65
"Yes",64
"Yes",66
"Yes",72
"Yes",76
"Yes",67
"Yes",71
"Yes",65
"Yes",68
"Yes",68
"Yes",67
"Yes",64
"No",60
"Yes",70
"Yes",73
"Yes",69
"Yes",70
"Yes",64
"Yes",64
"Yes",65
"Yes",62
"Yes",64
"Yes",72
"No",64
"Yes",67
"No",64
"Yes",61
"Yes",72
"No",70
"Yes",70
"Yes",71
"Yes",68
"Yes",68
"Yes",70
"Yes",73
"Yes",69
"Yes",71
"Yes",64
"Yes",68
"Yes",69
"Yes",70
"Yes",67
"Yes",66
"Yes",65
"Yes",66
"Yes",61
"Yes",71
"Yes",60
"Yes",66
"Yes",61
"Yes",68
"No",68
"Yes",65
"No",65
"No",60
"Yes",67
"No",65
"Yes",70
"Yes",64
"Yes",68
"Yes",69
"Yes",65
"Yes",71
"Yes",65
"Yes",65
"Yes",68
"Yes",66
"No",65
"Yes",71
"Yes",68
"No",70
"Yes",74
"Yes",62
"Yes",61
"Yes",70
"Yes",65
"Yes",62
"Yes",65
"Yes",68
"Yes",70
"Yes",68
"No",69
"Yes",73
"Yes",71
"Yes",63
"Yes",66
"Yes",67
"Yes",64
"Yes",66
"Yes",69
"Yes",72
"Yes",63
"Yes",67
"Yes",64
"Yes",68
"Yes",71
"No",67
"Yes",67
"Yes",64
"Yes",63
"Yes",72
"Yes",63
"Yes",67
"No",68
"Yes",64
"Yes",65
"Yes",68
"Yes",66
"Yes",73
"Yes",68
"Yes",72
"No",70
"Yes",66
"Yes",66
"Yes",66
"Yes",65
"Yes",71
"Yes",66
"Yes",63
"Yes",63
"Yes",58
"Yes",68
"Yes",61
"Yes",65
"Yes",67
"Yes",67
"Yes",62
"Yes",86
"Yes",71
"Yes",70
"Yes",71
"Yes",71
"Yes",70
"No",67
"Yes",60
"Yes",73
"Yes",67
"Yes",62
"Yes",67
"Yes",65
"Yes",61
"No",61
"Yes",60
"Yes",68
"Yes",65
"Yes",67
"Yes",67
"Yes",74
"Yes",64
"Yes",64
"Yes",67
"Yes",74
"Yes",69
"Yes",62
"Yes",66
"Yes",69
"Yes",68
"Yes",74
"Yes",68
"Yes",73
"Yes",70
"Yes",69
"Yes",68
"Yes",71
"Yes",64
"Yes",71
"Yes",65
"Yes",68
"Yes",67
"Yes",67
"Yes",67
"Yes",63
"Yes",68
"Yes",66
"Yes",67
"Yes",68
"Yes",72
"Yes",70
"Yes",62
"Yes",69
"Yes",61
"Yes",58
"Yes",63
"No",71
"No",70
"Yes",64
"Yes",63
"Yes",63
"Yes",71
"No",65
"Yes",68
"No",70
"Yes",68
"No",69
"Yes",70
"Yes",67
"Yes",69
"Yes",73
"Yes",68
"Yes",67
"Yes",67
"Yes",64
"Yes",63
"No",67
"Yes",70
"Yes",71
"Yes",74
"Yes",70
"Yes",59
"Yes",64
"Yes",67
"Yes",63
"Yes",66
"Yes",62
"Yes",65
"Yes",73
"Yes",70
"Yes",62
"No",68
"Yes",70
"Yes",74
"Yes",96
"Yes",66
"No",69
"Yes",70
"Yes",73
"Yes",69
"Yes",71
"No",65
"Yes",62
"Yes",69
"Yes",65
"Yes",68
"Yes",65
"Yes",72
"Yes",67
"Yes",68
"No",68
"No",66
"Yes",62
"Yes",65
"Yes",60
"Yes",70
"Yes",68
"Yes",72
"Yes",63
"Yes",63
"Yes",67
"Yes",68
"Yes",69
"Yes",75
"Yes",67
"Yes",69
"Yes",65
"No",65
"Yes",63
"Yes",65
"Yes",58
"Yes",70
"Yes",66
"No",63
"Yes",62
"Yes",69
"Yes",66
"Yes",68
"Yes",62
"Yes",64
"No",65
"Yes",64
"Yes",65
"Yes",65
"Yes",70
"Yes",71
"Yes",65
"No",67
"No",68
"Yes",73
"Yes",64
"No",71
"Yes",70
"Yes",68
"Yes",68
"Yes",68
"Yes",59
"Yes",74
"No",62
"Yes",64
"Yes",76
"Yes",70
"No",69
"No",69
"No",74
"No",62
"Yes",70
"No",71
"Yes",68
"Yes",66
"Yes",67
"Yes",71
"Yes",74
"Yes",65
"Yes",60
"Yes",69
"Yes",65
"Yes",69
"Yes",70
"Yes",65
"Yes",57
"Yes",68
"Yes",67
"Yes",70
"Yes",68
"Yes",62
"Yes",67
"Yes",66
"Yes",60
"Yes",65
"Yes",75
"Yes",67
"Yes",71
"Yes",63
"Yes",67
"Yes",68
"Yes",65
"No",72
"Yes",61
"Yes",60
"Yes",72
"Yes",72
"Yes",70
"Yes",67
"Yes",71
"Yes",66
"Yes",72
"No",70
"Yes",71
"Yes",64
"No",66
"Yes",64
"Yes",67
"Yes",67
"Yes",64
"Yes",61
"Yes",99
"No",67
"Yes",72
"Yes",66
"Yes",68
"Yes",64
"Yes",69
"Yes",65
"No",66
"Yes",73
"Yes",63
"Yes",66
"Yes",65
"Yes",71
"No",58
"Yes",68
"Yes",69
"Yes",63
"Yes",66
"No",69
"Yes",69
"Yes",63
"Yes",65
"Yes",76
"Yes",67
"No",70
"Yes",60
"Yes",68
"Yes",68
"Yes",70
"Yes",68
"Yes",69
"Yes",62
"Yes",64
"Yes",71
"Yes",68
"Yes",72
"Yes",64
"Yes",73
"Yes",69
"Yes",70
"Yes",69
"Yes",64
"Yes",66
"Yes",69
"Yes",68
"Yes",65
"Yes",62
"Yes",75
"Yes",60
"Yes",63
"Yes",66
"Yes",67
"Yes",68
"Yes",72
"Yes",66
"Yes",63
"Yes",71
"Yes",67
"Yes",66
"No",66
"Yes",68
"Yes",66
"Yes",68
"Yes",68
"Yes",68
"Yes",66
"Yes",66
"Yes",70
"Yes",68
"Yes",65
"Yes",70
"Yes",66
"No",68
"Yes",64
"Yes",69
"Yes",65
"No",69
"No",66
"Yes",68
"Yes",70
"Yes",65
"Yes",65
"Yes",68
"Yes",67
"Yes",72
"Yes",70
"Yes",72
"Yes",71
"Yes",64
"Yes",69
"Yes",73
"Yes",70
"Yes",68
"Yes",71
"Yes",71
"Yes",66
"Yes",68
"Yes",70
"Yes",72
"Yes",66
"No",65
"No",66
"Yes",65
"Yes",72
"Yes",68
"Yes",68
"Yes",67
"Yes",68
"Yes",67
"Yes",69
"Yes",65
"Yes",70
"Yes",64
"Yes",66
"Yes",64
"Yes",66
"Yes",67
"Yes",68
"Yes",71
"Yes",67
"Yes",69
"Yes",67
"Yes",61
"Yes",68
"Yes",67
"Yes",64
"Yes",63
"Yes",72
"Yes",69
"Yes",66
"Yes",64
"Yes",61
"Yes",71
"Yes",63
"Yes",65
"Yes",71
"Yes",78
"Yes",73
"Yes",65
"Yes",66
"Yes",66
"Yes",74
"Yes",62
"Yes",66
"Yes",71
"Yes",67
"Yes",69
"Yes",72
"Yes",72
"Yes",65
"Yes",71
"Yes",64
"Yes",61
"Yes",69
"Yes",65
"Yes",69
"Yes",64
"Yes",69
"Yes",68
"Yes",63
"Yes",66
"Yes",65
"Yes",66
"Yes",67
"Yes",62
"Yes",66
"No",68
"Yes",68
"Yes",63
"Yes",66
"No",65
"Yes",72
"Yes",70
"Yes",63
"Yes",65
"Yes",65
"Yes",66
"Yes",68
"No",64
"Yes",66
"Yes",68
"Yes",64
"Yes",62
"No",67
"Yes",67
"Yes",65
"No",59
"Yes",66
"Yes",68
"Yes",63
"Yes",68
"Yes",68
"Yes",66
"Yes",63
"Yes",61
"Yes",68
"Yes",66
"Yes",69
"No",64
"Yes",68
"Yes",66
"Yes",68
"Yes",62
"Yes",68
"Yes",69
"Yes",70
"Yes",65
"Yes",68
"Yes",67
"Yes",64
"No",63
"Yes",67
"Yes",66
"Yes",67
"No",63
"Yes",69
"Yes",70
"Yes",70
"Yes",65
"Yes",64
"Yes",67
"Yes",61
"Yes",70
"Yes",68
"Yes",64
"Yes",68
"Yes",68
"Yes",63
"Yes",65
"Yes",69
"Yes",63
"Yes",69
"No",61
"Yes",69
"Yes",62
"Yes",58
"Yes",71
"Yes",69
"Yes",68
"Yes",61
"Yes",67
"Yes",68
"Yes",72
"Yes",71
"No",67
"Yes",68
"Yes",64
"Yes",73
"Yes",65
"Yes",67
"Yes",63
"Yes",63
"Yes",69
"Yes",68
"Yes",68
"Yes",69
"Yes",73
"Yes",66
"Yes",68
"Yes",65
"Yes",67
"Yes",70
"Yes",66
"Yes",64
"Yes",69
"Yes",71
"Yes",68
"Yes",68
"Yes",66
"Yes",70
"Yes",65
"Yes",63
"Yes",70
"Yes",67
"Yes",63
"Yes",64
"Yes",60
"Yes",62
"Yes",65
"Yes",69
"Yes",68
"No",66
"Yes",72
"Yes",68
"Yes",69
"Yes",65
"Yes",65
"Yes",70
"Yes",67
"Yes",73
"Yes",70
"Yes",66
"Yes",68
"Yes",61
"Yes",70
"Yes",66
"Yes",67
"Yes",69
"Yes",64
"Yes",65
"Yes",75
"Yes",63
"Yes",69
"Yes",68
"Yes",66
"Yes",66
"Yes",66
"Yes",68
"Yes",65
"Yes",70
"Yes",68
"Yes",70
"Yes",61
"Yes",61
"Yes",64
"Yes",71
"Yes",72
"No",66
"Yes",63
"No",62
"Yes",65
"Yes",66
"Yes",72
"Yes",68
"Yes",70
"Yes",70
"Yes",73
"No",67
"Yes",65
"Yes",65
"Yes",65
"Yes",70
"Yes",66
"Yes",65
"Yes",68
"Yes",66
"No",65
"Yes",71
"Yes",65
"Yes",70
"Yes",69
"Yes",71
"Yes",67
"Yes",64
"Yes",82
"Yes",66
"Yes",66
"Yes",65
"Yes",61
"Yes",72
"Yes",70
"Yes",71
"Yes",84
"Yes",72
"No",67
"Yes",72
"Yes",70
"Yes",62
"Yes",71
"Yes",62
"Yes",68
"Yes",74
"No",68
"Yes",64
"Yes",65
"Yes",66
"Yes",68
"Yes",67
"Yes",67
"Yes",63
"Yes",71
"No",63
"Yes",66
"Yes",67
"Yes",66
"Yes",70
"No",64
"Yes",71
"Yes",68
"Yes",64
"Yes",66
"Yes",72
"Yes",66
"Yes",70
"Yes",66
"Yes",68
"Yes",70
"Yes",64
"Yes",71
"Yes",72
"Yes",71
"Yes",63
"Yes",68
"Yes",63
"Yes",66
"Yes",63
"Yes",72
"Yes",70
"Yes",65
"Yes",67
"Yes",66
"Yes",69
"Yes",73
"Yes",66
"Yes",70
"Yes",68
"Yes",65
"Yes",67
"Yes",71
"Yes",70
"Yes",61
"Yes",69
"Yes",63
"Yes",67
"Yes",65
"Yes",63
"Yes",67
"Yes",66
"Yes",72
"Yes",68
"Yes",67
"Yes",72
"Yes",66
"Yes",73
"Yes",71
"Yes",65
"Yes",65
"Yes",65
"Yes",68
"No",70
"Yes",68
"Yes",62
"Yes",66
"Yes",65
"Yes",71
"Yes",61
"Yes",63
"Yes",67
"No",70
"Yes",73
"Yes",72
"Yes",69
"Yes",61
"Yes",71
"Yes",64
"Yes",61
"Yes",63
"Yes",65
"Yes",73
"Yes",68
"Yes",72
"Yes",62
"Yes",63
"Yes",58
"Yes",68
"Yes",74
"Yes",68
"Yes",67
"Yes",65
"Yes",63
"Yes",71
"Yes",62
"Yes",66
"Yes",65
"Yes",66
"Yes",71
"No",68
"Yes",72
"Yes",66
"Yes",66
"Yes",67
"Yes",71
"No",72
"Yes",64
"Yes",60
"Yes",64
"Yes",70
"Yes",72
"Yes",68
"Yes",62
"Yes",68
"Yes",72
"Yes",60
"Yes",72
"Yes",65
"Yes",63
"Yes",66
"Yes",65
"Yes",65
"Yes",67
"Yes",65
"Yes",67
"Yes",66
"Yes",71
"Yes",64
"Yes",61
"Yes",65
"Yes",61
"Yes",64
"Yes",69
"Yes",71
"Yes",70
"Yes",70
"Yes",62
"Yes",73
"Yes",66
"Yes",66
"Yes",66
"No",66
"Yes",65
"Yes",67
"Yes",76
"Yes",66
"Yes",63
"Yes",71
"Yes",63
"Yes",67
"Yes",63
"Yes",66
"Yes",72
"Yes",70
"No",62
"Yes",69
"Yes",66
"Yes",64
"Yes",70
"Yes",67
"Yes",71
"Yes",69
"Yes",70
"Yes",70
"Yes",61
"No",65
"Yes",67
"Yes",70
"No",67
"Yes",68
"Yes",69
"Yes",65
"Yes",68
"Yes",67
"Yes",70
"Yes",68
"Yes",69
"Yes",70
"Yes",67
"Yes",70
"Yes",74
"Yes",63
"Yes",72
"Yes",62
"Yes",71
"Yes",68
"Yes",72
"Yes",64
"Yes",64
"Yes",63
"Yes",66
"Yes",71
"Yes",70
"Yes",67
"Yes",73
"Yes",64
"Yes",65
"Yes",62
"Yes",64
"Yes",67
"Yes",74
"Yes",63
"Yes",64
"Yes",64
"Yes",70
"Yes",71
"Yes",63
"Yes",66
"Yes",65
"Yes",70
"Yes",65
"Yes",68
"Yes",72
"Yes",67
"No",65
"Yes",66
"Yes",67
"Yes",65
"Yes",68
"Yes",68
"Yes",69
"Yes",71
"Yes",64
"Yes",65
"Yes",64
"Yes",67
"Yes",70
"Yes",66
"Yes",70
"Yes",70
"Yes",64
"Yes",71
"Yes",63
"Yes",72
"Yes",72
"Yes",61
"Yes",63
"Yes",67
"Yes",67
"Yes",65
"Yes",64
"Yes",69
"No",65
"Yes",71
"Yes",70
"Yes",98
"No",65
"No",63
"Yes",61
"Yes",67
"Yes",64
"Yes",65
"Yes",73
"No",69
"Yes",67
"Yes",63
"Yes",67
"Yes",66
"Yes",64
"Yes",68
"Yes",61
"Yes",66
"Yes",65
"Yes",65
"Yes",67
"Yes",68
"Yes",63
"Yes",70
"Yes",68
"No",69
"Yes",67
"Yes",69
"Yes",65
"Yes",61
"Yes",65
"Yes",67
"Yes",66
"Yes",69
"Yes",71
"Yes",68
"No",65
"Yes",64
"Yes",68
"Yes",64
"Yes",71
"Yes",70
"Yes",68
"Yes",63
"Yes",61
"Yes",66
"Yes",75
"Yes",71
"Yes",69
"Yes",62
"Yes",65
"Yes",61
"Yes",69
"Yes",66
"Yes",64
"Yes",69
"Yes",78
"Yes",68
"Yes",70
"Yes",68
"Yes",68
"Yes",69
"Yes",68
"Yes",80
"Yes",67
"Yes",64
"Yes",64
"Yes",68
"Yes",67
"Yes",65
"Yes",66
"Yes",67
"No",64
"Yes",66
"No",63
"Yes",71
"Yes",62
"Yes",64
"Yes",72
"Yes",65
"Yes",67
"No",65
"Yes",63
"Yes",65
"Yes",67
"Yes",67
"Yes",65
"Yes",64
"Yes",64
"Yes",69
"Yes",60
"Yes",70
"Yes",66
"Yes",66
"Yes",68
"Yes",62
"Yes",70
"Yes",72
"Yes",64
"Yes",71
"Yes",67
"Yes",64
"No",64
"Yes",72
"Yes",66
"Yes",68
"Yes",95
"Yes",64
"Yes",64
"Yes",68
"Yes",67
"Yes",67
"Yes",71
"Yes",63
"Yes",66
"No",65
"Yes",68
"Yes",68
"Yes",62
"Yes",67
"Yes",65
"Yes",71
"Yes",71
"No",61
"Yes",70
"Yes",60
"Yes",70
"Yes",67
"No",66
"Yes",63
"Yes",65
"Yes",75
"Yes",66
"Yes",61
"Yes",65
"Yes",61
"Yes",73
"Yes",73
"Yes",63
"Yes",67
"Yes",62
"Yes",71
"Yes",70
"Yes",70
"No",69
"Yes",66
"Yes",72
"Yes",63
"Yes",65
"Yes",71
"Yes",66
"No",69
"Yes",62
"No",66
"Yes",66
"Yes",64
"Yes",63
"Yes",68
"Yes",68
"Yes",67
"Yes",67
"Yes",68
"Yes",65
"Yes",74
"Yes",85
"Yes",64
"Yes",67
"Yes",68
"Yes",67
"Yes",65
"Yes",63
"Yes",64
"Yes",62
"Yes",68
"Yes",75
"Yes",63
"Yes",68
"Yes",63
"Yes",68
"Yes",62
"Yes",67
"Yes",66
"Yes",65
"Yes",69
"Yes",70
"Yes",64
"Yes",75
"Yes",66
"Yes",62
"Yes",70
"Yes",68
"Yes",66
"Yes",65
"Yes",68
"Yes",68
"Yes",62
"Yes",66
"Yes",68
"Yes",69
"Yes",67
"Yes",74
"No",61
"Yes",64
"Yes",69
"Yes",66
"Yes",61
"Yes",71
"No",71
"Yes",69
"Yes",66
"Yes",64
"Yes",68
"Yes",71
"Yes",66
"Yes",94
"Yes",68
"No",66
"Yes",70
"Yes",68
"Yes",65
"Yes",64
"Yes",69
"Yes",59
"Yes",70
"Yes",72
"Yes",64
"Yes",63
"Yes",67
"No",62
"Yes",69
"Yes",66
"Yes",66
"Yes",63
"Yes",62
"Yes",58
"Yes",67
"No",68
"Yes",67
"Yes",67
"Yes",62
"Yes",66
"Yes",65
"Yes",67
"No",69
"Yes",67
"Yes",69
"Yes",62
"Yes",67
"Yes",63
"Yes",65
"Yes",66
"Yes",71
"Yes",70
"Yes",68
"Yes",67
"Yes",71
"Yes",65
"Yes",64
"Yes",69
"Yes",68
"Yes",67
"Yes",71
"Yes",64
"Yes",69
"Yes",68
"Yes",69
"Yes",67
"Yes",58
"Yes",66
"Yes",69
"Yes",70
"Yes",70
"Yes",70
"Yes",66
"Yes",61
"Yes",71
"Yes",69
"Yes",69
"Yes",65
"Yes",69
"Yes",74
"Yes",71
"Yes",68
"Yes",69
"No",68
"Yes",63
"Yes",68
"Yes",67
"Yes",71
"Yes",66
"Yes",69
"Yes",68
"Yes",63
"Yes",69
"Yes",66
"Yes",71
"Yes",68
"Yes",69
"Yes",65
"Yes",68
"Yes",67
"Yes",65
"Yes",65
"Yes",64
"Yes",69
"Yes",64
"No",66
"Yes",65
"Yes",69
"Yes",66
"Yes",64
"Yes",61
"Yes",72
"Yes",67
"Yes",63
"Yes",69
"Yes",70
"Yes",71
"Yes",60
"Yes",70
"Yes",69
"No",63
"Yes",69
"Yes",71
"Yes",68
"Yes",64
"Yes",68
"Yes",69
"Yes",65
"Yes",68
"Yes",74
"Yes",72
"Yes",67
"Yes",73
"No",68
"Yes",61
"Yes",70
"No",62
"Yes",67
"No",69
"No",93
"Yes",68
"Yes",69
"Yes",68
"Yes",64
"Yes",69
"Yes",66
"Yes",68
"Yes",72
"Yes",63
"Yes",73
"Yes",65
"Yes",65
"Yes",68
"No",70
"Yes",65
"Yes",66
"Yes",66
"Yes",65
"Yes",69
"Yes",69
"Yes",64
"Yes",66
"Yes",63
"Yes",68
"Yes",68
"Yes",65
"Yes",69
"Yes",66
"Yes",63
"Yes",72
"Yes",67
"Yes",67
"Yes",68
"No",71
"Yes",73
"Yes",68
"Yes",69
"Yes",69
"Yes",63
"Yes",62
"Yes",70
"Yes",66
"Yes",62
"Yes",64
"Yes",63
"Yes",71
"Yes",67
"Yes",67
"Yes",67
"Yes",71
"Yes",69
"Yes",93
"Yes",72
"Yes",71
"Yes",63
"No",65
"Yes",61
"Yes",66
"Yes",61
"Yes",67
"Yes",64
"Yes",69
"Yes",64
"Yes",70
"Yes",73
"Yes",63
"No",68
"Yes",64
"No",69
"Yes",69
"Yes",67
"Yes",69
"Yes",62
"Yes",66
"Yes",68
"Yes",71
"Yes",66
"Yes",62
"Yes",68
"Yes",59
"Yes",70
"Yes",66
"Yes",65
"Yes",66
"Yes",73
"Yes",65
"Yes",65
"Yes",64
"Yes",69
"Yes",74
"Yes",68
"Yes",65
"No",72
"Yes",71
"Yes",69
"Yes",67
"Yes",71
"Yes",68
"Yes",63
"Yes",69
"Yes",68
"Yes",73
"Yes",69
"Yes",58
"Yes",65
"Yes",63
"Yes",59
"Yes",58
"Yes",66
"Yes",67
"No",67
"Yes",67
"Yes",65
"Yes",71
"Yes",66
"Yes",68
"Yes",65
"Yes",71
"Yes",64
"Yes",72
"Yes",69
"Yes",70
"Yes",66
"No",70
"Yes",62
"Yes",66
"Yes",70
"Yes",63
"Yes",73
"Yes",70
"Yes",71
"Yes",65
"Yes",64
"Yes",66
"Yes",82
"Yes",68
"Yes",67
"Yes",68
"Yes",69
"Yes",63
"Yes",66
"No",68
"Yes",71
"Yes",69
"Yes",70
"Yes",70
"Yes",73
"Yes",68
"Yes",65
"Yes",72
"Yes",67
"Yes",68
"Yes",69
"Yes",70
"Yes",69
"Yes",68
"No",65
"Yes",70
"Yes",65
"Yes",61
"Yes",69
"Yes",67
"Yes",65
"Yes",63
"Yes",67
"Yes",76
"Yes",70
"Yes",67
"Yes",66
"Yes",65
"Yes",65
"Yes",63
"Yes",74
"Yes",72
"Yes",68
"Yes",62
"Yes",65
"Yes",69
"Yes",61
"Yes",67
"Yes",66
"Yes",70
"Yes",72
"Yes",69
"Yes",68
"Yes",74
"Yes",70
"Yes",67
"Yes",68
"Yes",69
"Yes",66
"Yes",66
"Yes",68
"Yes",60
"Yes",69
"Yes",66
"Yes",77
"Yes",63
"Yes",66
"No",64
"Yes",63
"Yes",68
"Yes",65
"Yes",65
"Yes",64
"Yes",68
"Yes",62
"Yes",67
"Yes",73
"Yes",69
"Yes",65
"Yes",66
"Yes",73
"Yes",72
"Yes",72
"Yes",61
"Yes",69
"Yes",66
"Yes",74
"Yes",64
"Yes",66
"No",64
"Yes",66
"Yes",72
"Yes",71
"Yes",70
"Yes",67
"Yes",71
"Yes",63
"Yes",64
"Yes",64
"Yes",65
"Yes",65
"Yes",62
"Yes",65
"Yes",64
"Yes",74
"Yes",67
"Yes",66
"No",70
"Yes",68
"Yes",64
"Yes",58
"Yes",65
"Yes",68
"Yes",64
"Yes",66
"Yes",92
"Yes",69
"Yes",68
"Yes",63
"No",64
"No",68
"Yes",67
"Yes",68
"Yes",66
"Yes",66
"Yes",68
"Yes",64
"Yes",63
"Yes",62
"Yes",66
"Yes",65
"Yes",66
"Yes",66
"Yes",69
"Yes",67
"Yes",75
"Yes",73
"Yes",66
"Yes",61
"Yes",68
"No",67
"Yes",66
"Yes",69
"Yes",69
"Yes",67
"Yes",65
"Yes",63
"Yes",63
"No",66
"Yes",66
"Yes",69
"Yes",72
"Yes",70
"Yes",68
"Yes",66
"Yes",67
"Yes",68
"No",62
"Yes",64
"Yes",71
"Yes",65
"Yes",69
"No",65
"Yes",71
"Yes",69
"No",65
"Yes",66
"Yes",68
"Yes",72
"Yes",74
"Yes",64
"Yes",64
"No",63
"Yes",66
"Yes",67
"Yes",64
"Yes",62
"Yes",66
"Yes",71
"No",63
"Yes",72
"Yes",71
"Yes",61
"Yes",71
"Yes",69
"Yes",74
"Yes",61
"Yes",68
"Yes",67
"Yes",70
"Yes",69
"Yes",72
"Yes",66
"Yes",67
"Yes",68
"Yes",68
"Yes",65
"Yes",63
"Yes",62
"Yes",66
"Yes",62
"Yes",61
"Yes",63
"Yes",65
"Yes",64
"Yes",74
"Yes",70
"Yes",63
"Yes",68
"Yes",69
"Yes",70
"Yes",62
"Yes",71
"Yes",69
"Yes",69
"Yes",68
"Yes",65
"Yes",65
"No",65
"Yes",72
"Yes",63
"No",68
"Yes",72
"Yes",66
"Yes",71
"Yes",67
"Yes",61
"Yes",70
"No",64
"Yes",64
"No",68
"Yes",70
"Yes",65
"Yes",67
"Yes",65
"Yes",65
"Yes",65
"Yes",66
"Yes",62
"Yes",63
"Yes",63
"Yes",70
"Yes",67
"Yes",66
"Yes",63
"Yes",66
"Yes",67
"Yes",68
"Yes",67
"Yes",66
"Yes",71
"Yes",69
"Yes",72
"Yes",70
"Yes",68
"Yes",68
"Yes",67
"Yes",62
"Yes",67
"Yes",69
"Yes",64
"Yes",66
"Yes",69
"Yes",70
"Yes",69
"Yes",72
"Yes",61
"Yes",68
"Yes",68
"Yes",66
"Yes",65
"Yes",66
"Yes",67
"Yes",68
"Yes",67
"Yes",63
"Yes",64
"Yes",66
"Yes",69
"Yes",70
"Yes",72
"Yes",71
"Yes",63
"Yes",68
"No",67
"Yes",69
"Yes",65
"Yes",69
"Yes",71
"Yes",67
"Yes",64
"Yes",68
"Yes",67
"Yes",62
"Yes",68
"Yes",72
"Yes",61
"Yes",67
"Yes",70
"Yes",59
"Yes",70
"Yes",60
"Yes",74
"Yes",68
"Yes",67
"Yes",67
"Yes",66
"Yes",63
"No",62
"Yes",64
"Yes",68
"Yes",65
"Yes",71
"No",68
"Yes",62
"Yes",68
"Yes",68
"Yes",67
"Yes",67
"Yes",70
"Yes",69
"Yes",70
"Yes",69
"Yes",70
"Yes",72
"Yes",59
"No",64
"Yes",72
"Yes",70
"Yes",63
"Yes",66
"Yes",72
"No",71
"Yes",71
"Yes",62
"Yes",62
"Yes",64
"Yes",65
"Yes",68
"Yes",67
"Yes",61
"Yes",68
"Yes",68
"Yes",62
"Yes",62
"Yes",74
"No",68
"Yes",66
"Yes",67
"Yes",65
"Yes",66
"Yes",67
"Yes",76
"Yes",66
"Yes",68
"Yes",63
"Yes",65
"Yes",63
"Yes",59
"Yes",74
"Yes",62
"Yes",59
"Yes",71
"Yes",73
"Yes",68
"Yes",68
"Yes",66
"Yes",69
"Yes",70
"Yes",74
"Yes",75
"Yes",71
"Yes",71
"Yes",65
"Yes",65
"Yes",65
"Yes",67
"Yes",67
"Yes",67
"Yes",71
"Yes",72
"Yes",62
"Yes",70
"Yes",72
"Yes",64
"Yes",66
"Yes",69
"Yes",71
"Yes",68
"Yes",63
"No",71
"Yes",65
"Yes",66
"Yes",68
"No",61
"Yes",71
"Yes",70
"Yes",66
"Yes",61
"Yes",67
"Yes",72
"Yes",65
"Yes",68
"No",70
"Yes",63
"Yes",69
"Yes",62
"Yes",71
"Yes",64
"Yes",69
"Yes",71
"No",63
"Yes",72
"Yes",66
"Yes",69
"Yes",60
"Yes",68
"Yes",65
"Yes",67
"Yes",66
"Yes",68
"Yes",63
"Yes",73
"Yes",66
"Yes",67
"Yes",66
"Yes",60
"Yes",67
"Yes",67
"Yes",70
"Yes",69
"Yes",68
"Yes",67
"Yes",63
"Yes",70
"Yes",71
"Yes",67
"Yes",64
"No",66
"Yes",70
"Yes",65
"Yes",68
"Yes",65
"Yes",65
"Yes",69
"Yes",63
"Yes",70
"Yes",64
"Yes",62
"Yes",66
"Yes",73
"Yes",72
"No",68
"No",62
"Yes",67
"Yes",62
"Yes",72
"Yes",67
"Yes",68
"Yes",65
"Yes",79
"Yes",66
"Yes",68
"Yes",65
"Yes",67
"Yes",67
"Yes",67
"Yes",68
"Yes",72
"Yes",65
"Yes",65
"No",70
"Yes",67
"Yes",68
"Yes",63
"Yes",68
"Yes",69
"Yes",66
"No",64
"Yes",69
"Yes",62
"Yes",65
"Yes",70
"Yes",72
"Yes",66
"Yes",70
"No",67
"Yes",65
"No",68
"Yes",62
"Yes",68
"Yes",69
"Yes",72
"Yes",65
"Yes",63
"Yes",68
"Yes",62
"No",69
"Yes",65
"Yes",74
"Yes",70
"Yes",65
"Yes",70
"Yes",59
"Yes",63
"Yes",64
"Yes",63
"Yes",67
"Yes",65
"Yes",67
"Yes",73
"Yes",64
"Yes",65
"Yes",72
"Yes",72
"Yes",66
"Yes",62
"Yes",68
"Yes",67
"Yes",69
"Yes",67
"Yes",63
"Yes",65
"Yes",71
"Yes",70
"Yes",68
"Yes",65
"Yes",68
"Yes",69
"No",62
"No",62
"Yes",72
"Yes",64
"Yes",58
"Yes",66
"Yes",64
"Yes",68
"Yes",69
"Yes",71
"Yes",71
"Yes",67
"Yes",71
"Yes",64
"Yes",62
"Yes",70
"Yes",63
"Yes",66
"Yes",65
"Yes",69
"Yes",63
"Yes",64
"Yes",66
"Yes",67
"Yes",66
"Yes",65
"No",72
"Yes",70
"Yes",67
"Yes",64
"Yes",72
"Yes",65
"Yes",62
"Yes",67
"Yes",64
"Yes",63
"Yes",72
"Yes",66
"Yes",70
"Yes",66
"Yes",70
"Yes",67
"Yes",64
"Yes",67
"Yes",72
"Yes",72
"Yes",68
"Yes",64
"No",66
"Yes",68
"Yes",66
"Yes",70
"Yes",70
"Yes",62
"Yes",69
"Yes",69
"Yes",66
"Yes",68
"Yes",71
"No",64
"Yes",67
"Yes",68
"Yes",67
"Yes",68
"Yes",69
"Yes",71
"No",68
"Yes",65
"Yes",63
"Yes",65
"Yes",72
"Yes",67
"Yes",69
"Yes",67
"Yes",64
"No",62
"Yes",71
"Yes",70
"Yes",64
"Yes",69
"Yes",65
"Yes",73
"Yes",64
"Yes",64
"Yes",70
"Yes",70
"Yes",64
"Yes",64
"Yes",66
"Yes",66
"Yes",74
"No",69
"Yes",67
"Yes",73
"Yes",66
"Yes",67
"Yes",75
"Yes",73
"Yes",67
"Yes",65
"Yes",71
"Yes",63
"Yes",68
"Yes",72
"Yes",67
"Yes",71
"Yes",67
"Yes",66
"Yes",72
"Yes",64
"Yes",68
"Yes",65
"Yes",74
"Yes",65
"No",63
"Yes",65
"Yes",70
"Yes",71
"Yes",66
"Yes",69
"Yes",67
"Yes",64
"Yes",67
"Yes",67
"Yes",70
"Yes",71
"Yes",68
"Yes",65
"Yes",70
"No",64
"Yes",67
"Yes",63
"Yes",65
"Yes",70
"Yes",67
"No",60
"Yes",64
"Yes",65
"No",64
"Yes",67
"Yes",71
"Yes",69
"Yes",70
"Yes",69
"Yes",69
"Yes",64
"Yes",63
"Yes",67
"No",66
"Yes",69
"Yes",69
"Yes",69
"Yes",72
"Yes",65
"Yes",63
"Yes",69
"Yes",69
"Yes",64
"Yes",69
"Yes",72
"Yes",62
"No",66
"Yes",65
"Yes",69
"Yes",65
"Yes",67
"Yes",63
"Yes",66
"Yes",61
"Yes",64
"Yes",64
"Yes",65
"Yes",68
"Yes",69
"Yes",61
"No",72
"Yes",61
"Yes",66
"Yes",60
"Yes",69
"Yes",72
"Yes",69
"Yes",71
"Yes",64
"Yes",71
"Yes",64
"Yes",67
"Yes",67
"Yes",66
"Yes",73
"Yes",73
"Yes",70
"Yes",70
"Yes",62
"Yes",68
"Yes",65
"Yes",73
"No",65
"No",66
"Yes",64
"Yes",63
"No",62
"Yes",70
"Yes",65
"Yes",64
"Yes",70
"Yes",62
"Yes",67
"Yes",66
"Yes",74
"Yes",69
"Yes",70
"Yes",68
"Yes",70
"Yes",71
"Yes",73
"Yes",69
"Yes",61
"Yes",68
"Yes",66
"Yes",67
"Yes",64
"Yes",67
"No",61
"Yes",65
"Yes",62
"Yes",69
"Yes",61
"Yes",69
"No",64
"Yes",65
"Yes",64
"Yes",68
"Yes",67
"Yes",68
"Yes",61
"Yes",69
"Yes",64
"No",74
"Yes",66
"Yes",68
"Yes",65
"No",66
"No",66
"Yes",65
"Yes",67
"Yes",65
"Yes",63
"Yes",67
"Yes",70
"No",68
"Yes",66
"Yes",67
"Yes",72
"Yes",68
"No",66
"Yes",62
"Yes",65
"Yes",67
"Yes",62
"Yes",66
"No",67
"Yes",68
"Yes",66
"Yes",68
"Yes",62
"Yes",64
"Yes",68
"Yes",71
"Yes",63
"Yes",62
"Yes",69
"Yes",62
"Yes",71
"Yes",69
"Yes",66
"Yes",64
"No",65
"Yes",68
"Yes",69
"Yes",68
"Yes",71
"Yes",66
"Yes",65
"Yes",68
"Yes",72
"Yes",75
"Yes",67
"Yes",67
"Yes",70
"Yes",64
"Yes",65
"Yes",68
"Yes",67
"No",66
"Yes",69
"Yes",64
"Yes",68
"Yes",68
"No",65
"Yes",65
"No",65
"Yes",67
"Yes",63
"Yes",62
"Yes",73
"Yes",72
"Yes",71
"Yes",67
"Yes",66
"Yes",68
"Yes",64
"Yes",70
"No",66
"Yes",56
"No",71
"Yes",64
"Yes",65
"Yes",70
"Yes",70
"Yes",71
"Yes",70
"Yes",62
"Yes",72
"Yes",62
"Yes",67
"Yes",58
"Yes",69
"Yes",60
"Yes",72
"Yes",66
"Yes",66
"Yes",69
"Yes",70
"Yes",70
"Yes",70
"Yes",67
"Yes",67
"Yes",59
"Yes",67
"Yes",65
"Yes",68
"Yes",71
"Yes",61
"Yes",63
"Yes",67
"No",69
"Yes",70
"No",69
"Yes",66
"Yes",70
"Yes",67
"Yes",61
"Yes",74
"Yes",70
"Yes",66
"Yes",73
"Yes",62
"Yes",65
"Yes",62
"No",64
"Yes",63
"Yes",69
"Yes",63
"Yes",67
"Yes",65
"Yes",71
"Yes",71
"Yes",69
"Yes",71
"Yes",68
"Yes",70
"Yes",71
"Yes",68
"Yes",69
"Yes",71
"No",63
"Yes",66
"Yes",67
"Yes",71
"Yes",59
"Yes",67
"Yes",66
"Yes",72
"Yes",70
"Yes",68
"Yes",63
"Yes",69
"Yes",67
"Yes",75
"Yes",67
"Yes",74
"Yes",66
"No",65
"Yes",60
"Yes",63
"Yes",69
"Yes",64
"Yes",68
"Yes",63
"Yes",65
"Yes",74
"Yes",65
"Yes",61
"Yes",66
"Yes",67
"Yes",66
"Yes",69
"Yes",65
"Yes",65
"Yes",66
"Yes",73
"Yes",64
"Yes",67
"Yes",67
"Yes",68
"Yes",71
"Yes",64
"Yes",67
"Yes",68
"Yes",67
"Yes",70
"Yes",64
"Yes",63
"Yes",71
"Yes",64
"Yes",70
"Yes",70
"Yes",67
"Yes",62
"Yes",69
"Yes",69
"No",62
"Yes",70
"Yes",66
"Yes",69
"Yes",65
"Yes",66
"Yes",69
"Yes",66
"Yes",65
"Yes",66
"Yes",63
"Yes",72
"Yes",62
"Yes",64
"Yes",61
"Yes",70
"Yes",67
"Yes",66
"Yes",66
"Yes",68
"Yes",67
"Yes",65
"No",70
"No",69
"Yes",68
"Yes",61
"Yes",65
"Yes",71
"Yes",66
"No",62
"Yes",61
"Yes",67
"Yes",66
"No",71
"Yes",62
"Yes",67
"Yes",64
"Yes",68
"Yes",67
"Yes",63
"Yes",70
"Yes",67
"Yes",71
"Yes",62
"Yes",75
"Yes",72
"Yes",73
"Yes",64
"Yes",73
"Yes",66
"Yes",69
"Yes",70
"Yes",70
"Yes",71
"Yes",64
"Yes",71
"Yes",63
"Yes",68
"Yes",71
"Yes",65
"No",66
"Yes",72
"Yes",65
"No",60
"No",67
"Yes",65
"Yes",64
"Yes",72
"Yes",62
"Yes",67
"Yes",67
"Yes",69
"Yes",65
"Yes",62
"Yes",69
"Yes",72
"Yes",63
"Yes",64
"Yes",67
"Yes",70
"Yes",64
"Yes",69
"Yes",72
"Yes",69
"Yes",75
"Yes",67
"Yes",67
"Yes",66
"Yes",64
"Yes",68
"Yes",66
"Yes",69
"Yes",65
"Yes",70
"Yes",57
"Yes",69
"Yes",63
"Yes",66
"Yes",64
"Yes",65
"Yes",64
"Yes",62
"Yes",71
"Yes",64
"Yes",72
"Yes",64
"Yes",71
"Yes",68
"No",68
"Yes",68
"Yes",69
"Yes",67
"Yes",66
"Yes",65
"Yes",63
"Yes",62
"Yes",67
"Yes",65
"Yes",66
"No",66
"Yes",64
"Yes",67
"Yes",67
"Yes",61
"Yes",66
"Yes",66
"Yes",67
"Yes",64
"Yes",64
"Yes",67
"Yes",68
"Yes",64
"Yes",63
"Yes",68
"Yes",64
"Yes",70
"Yes",64
"Yes",59
"Yes",71
"Yes",67
"Yes",73
"Yes",66
"Yes",73
"Yes",62
"Yes",69
"Yes",66
"Yes",68
"Yes",65
"Yes",67
"Yes",64
"No",67
"Yes",66
"Yes",68
"Yes",68
"Yes",64
"Yes",63
"Yes",72
"Yes",75
"Yes",71
"Yes",71
"Yes",66
"No",71
"Yes",61
"Yes",65
"Yes",58
"Yes",62
"Yes",69
"Yes",65
"Yes",69
"Yes",68
"Yes",70
"Yes",72
"No",66
"Yes",68
"Yes",67
"Yes",61
"Yes",64
"Yes",74
"Yes",64
"Yes",64
"Yes",61
"Yes",71
"Yes",72
"Yes",68
"Yes",69
"No",74
"Yes",70
"Yes",69
"Yes",64
"Yes",71
"Yes",65
"Yes",71
"Yes",71
"Yes",66
"Yes",64
"Yes",70
"Yes",61
"Yes",71
"Yes",65
"Yes",59
"Yes",63
"Yes",64
"Yes",63
"Yes",70
"Yes",70
"Yes",72
"Yes",65
"Yes",71
"Yes",70
"Yes",66
"Yes",64
"Yes",64
"Yes",59
"Yes",65
"Yes",66
"Yes",67
"Yes",62
"Yes",65
"Yes",73
"Yes",70
"Yes",75
"Yes",66
"Yes",65
"Yes",64
"Yes",70
"Yes",71
"Yes",68
"Yes",64
"Yes",67
"Yes",65
"Yes",62
"Yes",68
"Yes",66
"Yes",69
"Yes",68
"Yes",71
"Yes",68
"Yes",64
"Yes",66
"Yes",70
"Yes",60
"Yes",69
"Yes",65
"Yes",66
"Yes",64
"Yes",71
"Yes",66
"Yes",66
"Yes",68
"Yes",63
"Yes",66
"No",61
"Yes",70
"Yes",68
"Yes",65
"Yes",69
"Yes",67
"Yes",62
"Yes",61
"Yes",70
"Yes",65
"Yes",65
"Yes",66
"No",66
"Yes",69
"Yes",70
"No",63
"Yes",64
"Yes",65
"Yes",71
"Yes",61
"Yes",69
"Yes",69
"Yes",66
"Yes",72
"Yes",60
"Yes",62
"Yes",66
"Yes",69
"Yes",69
"Yes",71
"Yes",57
"Yes",72
"Yes",66
"Yes",66
"Yes",70
"Yes",67
"Yes",65
"Yes",63
"Yes",68
"Yes",63
"Yes",63
"Yes",68
"Yes",60
"Yes",67
"Yes",65
"Yes",68
"Yes",62
"Yes",65
"Yes",66
"Yes",67
"No",60
"Yes",74
"Yes",62
"Yes",61
"Yes",63
"Yes",66
"Yes",65
"Yes",72
"Yes",70
"Yes",71
"No",64
"Yes",70
"Yes",68
"No",61
"Yes",68
"Yes",64
"Yes",64
"Yes",71
"Yes",72
"Yes",66
"Yes",74
"Yes",65
"Yes",64
"Yes",69
"No",62
"Yes",62
"Yes",72
"Yes",73
"Yes",64
"Yes",65
"Yes",70
"Yes",66
"Yes",70
"Yes",63
"Yes",69
"Yes",64
"Yes",63
"Yes",66
"Yes",68
"Yes",97
"Yes",67
"Yes",71
"Yes",66
"Yes",72
"Yes",70
"Yes",69
"Yes",66
"Yes",69
"No",65
"Yes",75
"Yes",70
"Yes",70
"Yes",69
"Yes",68
"Yes",73
"Yes",74
"Yes",66
"Yes",74
"Yes",67
"Yes",67
"Yes",70
"Yes",67
"Yes",80
"Yes",70
"Yes",71
"Yes",64
"Yes",68
"Yes",68
"No",69
"Yes",72
"Yes",65
"Yes",64
"Yes",64
"Yes",58
"Yes",69
"Yes",61
"Yes",68
"Yes",66
"Yes",68
"Yes",70
"Yes",62
"Yes",71
"Yes",61
"Yes",64
"Yes",65
"Yes",63
"Yes",74
"Yes",68
"Yes",65
"Yes",66
"Yes",69
"Yes",69
"Yes",70
"Yes",70
"Yes",71
"Yes",72
"Yes",61
"No",68
"Yes",66
"Yes",70
"No",63
"Yes",68
"No",62
"Yes",69
"Yes",69
"Yes",72
"Yes",64
"No",63
"Yes",70
"No",69
"Yes",61
"Yes",70
"Yes",64
"Yes",76
"Yes",73
"Yes",67
"No",69
"Yes",72
"Yes",66
"Yes",70
"Yes",73
"No",68
"Yes",66
"Yes",67
"No",67
"No",62
"Yes",72
"Yes",65
"Yes",69
"Yes",69
"No",69
"Yes",69
"Yes",69
"Yes",70
"Yes",67
"Yes",69
"Yes",75
"Yes",66
"Yes",63
"Yes",64
"Yes",66
"Yes",72
"Yes",71
"Yes",70
"Yes",67
"Yes",65
"Yes",65
"Yes",73
"Yes",66
"Yes",62
"Yes",71
"Yes",66
"No",65
"Yes",75
"Yes",74
"Yes",65
"Yes",71
"Yes",65
"Yes",65
"Yes",67
"Yes",67
"Yes",66
"Yes",67
"No",66
"Yes",65
"No",59
"Yes",69
"Yes",63
"Yes",65
"Yes",61
"Yes",68
"Yes",65
"No",61
"Yes",69
"Yes",72
"No",59
"Yes",63
"Yes",69
"Yes",67
"No",70
"Yes",67
"No",66
"Yes",68
"Yes",71
"Yes",69
"Yes",65
"Yes",66
"Yes",66
"Yes",67
"Yes",74
"Yes",66
"Yes",72
"Yes",69
"Yes",68
"Yes",71
"Yes",61
"Yes",65
"Yes",71
"Yes",59
"Yes",71
"Yes",72
"Yes",71
"Yes",61
"Yes",67
"Yes",67
"Yes",74
"Yes",66
"Yes",63
"Yes",63
"Yes",68
"Yes",65
"Yes",66
"Yes",67
"Yes",67
"Yes",70
"Yes",65
"Yes",68
"Yes",70
"Yes",66
"Yes",69
"Yes",65
"No",68
"Yes",65
"Yes",70
"Yes",65
"Yes",67
"No",64
"Yes",68
"Yes",70
"No",64
"Yes",67
"Yes",68
"Yes",67
"Yes",66
"No",66
"Yes",66
"Yes",67
"Yes",69
"Yes",65
"Yes",68
"Yes",67
"Yes",69
"No",64
"Yes",67
"Yes",67
"Yes",67
"Yes",67
"Yes",68
"Yes",65
"Yes",70
"Yes",68
"Yes",72
"Yes",67
"Yes",66
"Yes",68
"Yes",64
"Yes",75
"Yes",66
"Yes",67
"No",71
"Yes",68
"Yes",65
"Yes",67
"No",66
"Yes",60
"Yes",64
"Yes",69
"Yes",64
"Yes",66
"Yes",72
"Yes",60
"Yes",69
"Yes",62
"Yes",70
"Yes",65
"Yes",77
"Yes",71
"Yes",66
"Yes",74
"Yes",70
"Yes",69
"Yes",64
"Yes",69
"Yes",68
"No",63
"Yes",61
"Yes",61
"Yes",65
"Yes",65
"Yes",69
"Yes",69
"Yes",65
"Yes",72
"Yes",69
"Yes",71
"Yes",67
"Yes",72
"Yes",70
"Yes",68
"Yes",66
"Yes",68
"Yes",71
"Yes",63
"No",70
"Yes",65
"Yes",70
"Yes",65
"Yes",68
"Yes",69
"Yes",66
"Yes",62
"Yes",70
"Yes",65
"Yes",71
"Yes",68
"Yes",65
"No",70
"Yes",69
"Yes",66
"Yes",66
"Yes",67
"Yes",63
"Yes",70
"Yes",65
"Yes",70
"Yes",74
"Yes",69
"Yes",68
"Yes",64
"Yes",73
"Yes",66
"Yes",65
"Yes",66
"Yes",67
"Yes",67
"Yes",66
"Yes",69
"Yes",69
"Yes",68
"No",64
"Yes",70
"Yes",67
"Yes",68
"Yes",67
"Yes",73
"Yes",65
"Yes",69
"Yes",63
"Yes",68
"Yes",64
"Yes",68
"Yes",66
"Yes",65
"Yes",69
"Yes",69
"No",64
"Yes",74
"Yes",64
"Yes",63
"No",64
"Yes",71
"Yes",68
"Yes",72
"Yes",67
"Yes",64
"Yes",70
"Yes",65
"Yes",69
"Yes",65
"Yes",66
"Yes",67
"Yes",68
"Yes",65
"No",68
"No",63
"Yes",71
"Yes",71
"Yes",65
"Yes",65
"Yes",61
"Yes",68
"Yes",65
"Yes",66
"Yes",69
"Yes",65
"Yes",65
"Yes",70
"Yes",70
"Yes",67
"Yes",75
"Yes",65
"No",66
"Yes",67
"Yes",67
"Yes",62
"Yes",66
"Yes",66
"Yes",64
"Yes",60
"No",70
"Yes",72
"Yes",67
"Yes",67
"Yes",72
"No",63
"Yes",60
"Yes",65
"Yes",72
"Yes",70
"Yes",71
"Yes",66
"Yes",72
"Yes",73
"Yes",71
"Yes",64
"Yes",66
"Yes",69
"Yes",66
"Yes",63
"Yes",62
"Yes",98
"Yes",71
"Yes",66
"Yes",75
"Yes",68
"Yes",69
"Yes",68
"Yes",60
"Yes",64
"Yes",71
"Yes",69
"Yes",60
"Yes",70
"Yes",66
"Yes",68
"Yes",67
"Yes",70
"Yes",69
"Yes",75
"Yes",65
"Yes",65
"Yes",66
"Yes",66
"Yes",70
"Yes",63
"Yes",66
"Yes",71
"Yes",68
"Yes",68
"Yes",71
"Yes",63
"Yes",60
"Yes",73
"Yes",68
"Yes",70
"Yes",66
"Yes",72
"Yes",70
"Yes",68
"Yes",60
"No",68
"Yes",74
"Yes",68
"Yes",72
"Yes",69
"Yes",98
"Yes",68
"Yes",70
"Yes",69
"Yes",64
"Yes",65
"Yes",69
"Yes",67
"Yes",65
"Yes",70
"Yes",68
"Yes",65
"Yes",74
"Yes",65
"Yes",65
"Yes",68
"No",68
"Yes",74
"Yes",71
"Yes",67
"Yes",64
"Yes",61
"Yes",66
"Yes",61
"Yes",73
"Yes",70
"Yes",70
"Yes",63
"Yes",69
"Yes",72
"Yes",66
"Yes",68
"Yes",67
"No",65
"Yes",68
"Yes",68
"Yes",69
"Yes",66
"Yes",58
"Yes",60
"Yes",67
"Yes",65
"Yes",62
"Yes",65
"Yes",69
"Yes",70
"Yes",70
"Yes",63
"Yes",69
"Yes",64
"Yes",69
"Yes",70
"Yes",64
"No",65
"Yes",70
"Yes",60
"Yes",68
"Yes",61
"Yes",68
"Yes",61
"Yes",64
"Yes",66
"Yes",70
"Yes",65
"Yes",74
"Yes",66
"Yes",65
"Yes",69
"Yes",69
"Yes",69
"Yes",66
"No",63
"Yes",69
"Yes",65
"Yes",67
"Yes",66
"Yes",67
"Yes",65
"Yes",69
"Yes",65
"Yes",67
"Yes",66
"Yes",64
"Yes",70
"Yes",65
"Yes",65
"Yes",64
"Yes",64
"Yes",61
"Yes",65
"Yes",68
"Yes",70
"Yes",74
"Yes",60
"Yes",71
"No",70
"Yes",67
"No",68
"Yes",64
"Yes",67
"Yes",65
"Yes",66
"Yes",72
"Yes",69
"Yes",65
"Yes",71
"Yes",72
"Yes",70
"No",63
"Yes",66
"Yes",67
"Yes",67
"Yes",62
"Yes",72
"Yes",69
"Yes",61
"Yes",67
"No",66
"Yes",68
"Yes",62
"Yes",63
"Yes",70
"Yes",68
"Yes",71
"Yes",65
"Yes",59
"Yes",64
"Yes",67
"Yes",68
"Yes",95
"Yes",70
"Yes",68
"Yes",65
"Yes",70
"Yes",67
"Yes",69
"Yes",68
"Yes",72
"Yes",71
"Yes",75
"Yes",70
"Yes",66
"Yes",67
"Yes",70
"Yes",71
"Yes",64
"Yes",65
"Yes",64
"Yes",62
"Yes",64
"Yes",66
"Yes",64
"Yes",71
"Yes",68
"Yes",70
"Yes",66
"Yes",71
"Yes",68
"Yes",66
"Yes",66
"Yes",65
"Yes",64
"Yes",67
"Yes",65
"Yes",69
"Yes",69
"Yes",69
"Yes",68
"Yes",67
"Yes",68
"Yes",65
"Yes",69
"Yes",73
"Yes",76
"Yes",69
"Yes",69
"Yes",68
"Yes",70
"Yes",64
"Yes",73
"Yes",64
"Yes",65
"No",69
"No",62
"Yes",64
"Yes",64
"Yes",67
"No",69
"Yes",67
"Yes",65
"Yes",63
"Yes",66
"Yes",70
"Yes",70
"Yes",67
"Yes",65
"Yes",70
"No",66
"Yes",66
"Yes",72
"Yes",64
"Yes",70
"Yes",71
"Yes",66
"Yes",70
"Yes",64
"No",70
"Yes",67
"Yes",65
"Yes",68
"Yes",69
"Yes",68
"Yes",68
"Yes",64
